article_id,citation,year,title,region,study_context,study_type,main_regeneration_frame,root_terms_present,seed_terms_present,root_term_count_rough,seed_term_count_rough,root_terms_location,seed_terms_location,root_treatment_score,seed_treatment_score,root_framing,seed_framing,root_evidence_type,seed_evidence_type,does_article_assume_suckering,does_article_distinguish_seed_vs_sucker,compares_seed_and_sucker,genetic_validation,physical_validation,main_claim_about_regeneration,important_quote_root,important_quote_seed,page_root,page_seed,relevance_to_thesis,notes
AB_0001,Bellefleur P.; Larocque G. (1983). (Comparison of the growth of woody species in open environments and under shaded conditions).; [Comparaison de la croissance d'especes ligneuses en milieu ouvert en sous couvert forestier.],1983,(Comparison of the growth of woody species in open environments and under shaded conditions).; [Comparaison de la croissance d'especes ligneuses en milieu ouvert en sous couvert forestier.],,,,,,,,,,,,,,,,,,,,,,,,,,,,
AB_0002,Mulder O.; Sleith R.; Mulder K.; Coe N.R. (2020). A Bayesian analysis of topographic influences on the presence and severity of beech bark disease,2020,A Bayesian analysis of topographic influences on the presence and severity of beech bark disease,,,,,,,,,,,,,,,,,,,,,,,,,,,,
AB_0003,Arthur M.A.; Weathers K.C.; Lovett G.M.; Weand M.P.; Edd W.C. (2017). A beech bark disease induced change in tree species composition influences forest floor acid-base chemistry,2017,A beech bark disease induced change in tree species composition influences forest floor acid-base chemistry,,,,,,,,,,,,,,,,,,,,,,,,,,,,
AB_0004,"Nagele E.; Ashton M.S.; Harris T.B.; Forrest T.A.; DeLuca E.A.; Martello M.E.; Duguid M.C. (2024). A Century of Change in a Mature Urban Forest: the Thain Family Forest of the New York Botanical Garden, Bronx, New York",2024,"A Century of Change in a Mature Urban Forest: the Thain Family Forest of the New York Botanical Garden, Bronx, New York",,,,,,,,,,,,,,,,,,,,,,,,,,,,
AB_0005,Fearer C.J.; Conrad A.O.; Marra R.E.; Georskey C.; Villari C.; Slot J.; Bonello P. (2022). A combined approach for early in-field detection of beech leaf disease using near-infrared spectroscopy and machine learning,2022,A combined approach for early in-field detection of beech leaf disease using near-infrared spectroscopy and machine learning,,,,,,,,,,,,,,,,,,,,,,,,,,,,
AB_0006,"Clatterbuck W.K. (1996). A community classification system for forest evaluation: Development, validation, and extrapolation",1996,"A community classification system for forest evaluation: Development, validation, and extrapolation",,,,,,,,,,,,,,,,,,,,,,,,,,,,
AB_0007,Leadbitter P.; Euler D.; Naylor B. (2002). A comparison of historical and current forest cover in selected areas of the Great Lakes - St. Lawrence Forest of central Ontario,2002,A comparison of historical and current forest cover in selected areas of the Great Lakes - St. Lawrence Forest of central Ontario,,,,,,,,,,,,,,,,,,,,,,,,,,,,
AB_0008,Rudolph A.J.; Snell R.S.; McCarthy B.C. (2024). A decades-long case study: Understanding the effects of mesophication on the forest community with emphasis on Carya spp. dynamics,2024,A decades-long case study: Understanding the effects of mesophication on the forest community with emphasis on Carya spp. dynamics,,,,,,,,,,,,,,,,,,,,,,,,,,,,
AB_0009,Arnold W.; Gewirtzman J.; Raymond P.A.; Duguid M.C.; Brodersen C.R.; Brown C.; Norbraten N.; Wood Q.T.V.; Bradford M.A.; Peccia J. (2025). A diverse and distinct microbiome inside living trees,2025,A diverse and distinct microbiome inside living trees,,,,,,,,,,,,,,,,,,,,,,,,,,,,
AB_0010,"Morrison E.W.; Duong T.A.; Garnas J.R. (2024). A high-quality draft genome sequence of Neonectria faginata, causative agent of beech bark disease of Fagus grandifolia",2024,"A high-quality draft genome sequence of Neonectria faginata, causative agent of beech bark disease of Fagus grandifolia",,,,,,,,,,,,,,,,,,,,,,,,,,,,
AB_0011,Le Guerrier C.; Marceau D.J.; Bouchard A.; Brisson J. (2003). A modelling approach to assess the long-term impact of beech bark disease in northern hardwood forest,2003,A modelling approach to assess the long-term impact of beech bark disease in northern hardwood forest,,,,,,,,,,,,,,,,,,,,,,,,,,,,
AB_0012,"Fisk M.C.; Yanai R.D.; Fierer N. (2010). A molecular approach to quantify root community composition in a northern hardwood forest - testing effects of root species, relative abundance, and diameter",2010,"A molecular approach to quantify root community composition in a northern hardwood forest - testing effects of root species, relative abundance, and diameter",,,,,,,,,,,,,,,,,,,,,,,,,,,,
AB_0013,Montoya L.; Bandala V.M.; Haug I.; Stubbe D. (2012). A new species of Lactarius (subgenus gerardii) from two relict Fagus grandifolia var. mexicana populations in Mexican Montane Cloud forests,2012,A new species of Lactarius (subgenus gerardii) from two relict Fagus grandifolia var. mexicana populations in Mexican Montane Cloud forests,,,,,,,,,,,,,,,,,,,,,,,,,,,,
AB_0014,Myers A.L.; Dickinson Y.L.; Storer A.J.; Bal T.L. (2022). A Pilot Study of Transplanting Methods for Wilding American Beech (Fagus grandifolia),2022,A Pilot Study of Transplanting Methods for Wilding American Beech (Fagus grandifolia),,,,,,,,,,,,,,,,,,,,,,,,,,,,
AB_0015,Cale J.A.; Teale S.A.; West J.L.; Zhang L.I.; Castello D.R.; Devlin P.; Castello J.D. (2014). A quantitative index of forest structural sustainability,2014,A quantitative index of forest structural sustainability,,,,,,,,,,,,,,,,,,,,,,,,,,,,
AB_0016,"Allen C.M.; Thames S.; Trichell S.; White J. (2004). A quantitative study of the vegetation surrounding yellow lady-slipper orchid (Cypripedium kentuckiense, Orchidaceae) populations at Fort Polk in west central Louisiana",2004,"A quantitative study of the vegetation surrounding yellow lady-slipper orchid (Cypripedium kentuckiense, Orchidaceae) populations at Fort Polk in west central Louisiana",,,,,,,,,,,,,,,,,,,,,,,,,,,,
AB_0017,"Teskey R.O.; Shrestha R.B. (1985). A relationship between carbon dioxide, photosynthetic efficiency and shade tolerance",1985,"A relationship between carbon dioxide, photosynthetic efficiency and shade tolerance",,,,,,,,,,,,,,,,,,,,,,,,,,,,
AB_0018,"Williams-Linera G.; Devall M.S.; Alvarez-Aquino C. (2000). A relict population of Fagus grandifolia var. mexicana at the Acatlan Volcano, Mexico: Structure, litterfall, phenology and dendroecology",2000,"A relict population of Fagus grandifolia var. mexicana at the Acatlan Volcano, Mexico: Structure, litterfall, phenology and dendroecology",,,,,,,,,,,,,,,,,,,,,,,,,,,,
AB_0019,Myers A.L.; Storer A.J.; Dickinson Y.L.; Bal T.L. (2023). A Review of Propagation and Restoration Techniques for American Beech and Their Current and Future Application in Mitigation of Beech Bark Disease,2023,A Review of Propagation and Restoration Techniques for American Beech and Their Current and Future Application in Mitigation of Beech Bark Disease,,,,,,,,,,,,,,,,,,,,,,,,,,,,
AB_0020,Koch J.L.; Carey D.W. (2014). A technique to screen American beech for resistance to the beech scale insect (Cryptococcus fagisuga Lind.),2014,A technique to screen American beech for resistance to the beech scale insect (Cryptococcus fagisuga Lind.),,,,,,,,,,,,,,,,,,,,,,,,,,,,
AB_0021,Bose A.K.; Weiskittel A.; Wagner R.G. (2017). A three decade assessment of climate-associated changes in forest composition across the north-eastern USA,2017,A three decade assessment of climate-associated changes in forest composition across the north-eastern USA,,,,,,,,,,,,,,,,,,,,,,,,,,,,
AB_0022,Elias J.M.; Stoleson S.H. (2021). Abundant Natural Cavities in a Deciduous Forest Leads to a Lack of Nest-Box Occupancy by Northern Saw-Whet Owls,2021,Abundant Natural Cavities in a Deciduous Forest Leads to a Lack of Nest-Box Occupancy by Northern Saw-Whet Owls,,,,,,,,,,,,,,,,,,,,,,,,,,,,
AB_0023,Darley-Hill S.; Johnson W.C. (1981). Acorn dispersal by the blue jay (Cyanocitta cristata),1981,Acorn dispersal by the blue jay (Cyanocitta cristata),,,,,,,,,,,,,,,,,,,,,,,,,,,,
AB_0024,Schroeder B.; Buddle C.M.; Saint-Germain M. (2009). Activity of flying beetles (coleoptera) at two heights in canopy gaps and intact forests in a hardwood forest in Quebec,2009,Activity of flying beetles (coleoptera) at two heights in canopy gaps and intact forests in a hardwood forest in Quebec,,,,,,,,,,,,,,,,,,,,,,,,,,,,
AB_0025,Pernek M.; Lacković N.; Mačak-Hadžiomerović A.; Stamenković V. (2013). Adapted VTA and SIA method in tree static assessment with use of resistography,2013,Adapted VTA and SIA method in tree static assessment with use of resistography,,,,,,,,,,,,,,,,,,,,,,,,,,,,
AB_0026,"Flinn K.M.; Marks P.L. (2007). Agricultural legacies in forest environments: Tree communities, soil properties, and light availability",2007,"Agricultural legacies in forest environments: Tree communities, soil properties, and light availability",,,,,,,,,,,,,,,,,,,,,,,,,,,,
AB_0027,Weber R.W. (2013). Allergen of the month - European beech,2013,Allergen of the month - European beech,,,,,,,,,,,,,,,,,,,,,,,,,,,,
AB_0028,"Wiggins G.J.; Grant J.F.; Welbourn W.C. (2001). Allothrombium mitchelli (Acari: Trombidiidae) in the Great Smoky Mountains National Park: Incidence, seasonality, and predation on beech scale (Homoptera: Eriococcidae)",2001,"Allothrombium mitchelli (Acari: Trombidiidae) in the Great Smoky Mountains National Park: Incidence, seasonality, and predation on beech scale (Homoptera: Eriococcidae)",,,,,,,,,,,,,,,,,,,,,,,,,,,,
AB_0029,Houston D.B.; Houston D.R. (2000). Allozyme genetic diversity among Fagus grandifolia trees resistant or susceptible to beech bark disease in natural populations,2000,Allozyme genetic diversity among Fagus grandifolia trees resistant or susceptible to beech bark disease in natural populations,,,,,,,,,,,,,,,,,,,,,,,,,,,,
AB_0030,Montiel-Oscura D.; Ramírez-Herrera C.; Ángeles-Ṕerez G.; López-Upton J.; Antonio-López P. (2013). Allozyme variation and population size of haya Mexicana (Fagus grandifolia subsp. Mexicana) in the sierra madre oriental; [Variación aloenzimática y tamaño de poblaciones de haya Mexicana (Fagus grandifolia subsp. Mexicana) en la sierra madre oriental],2013,Allozyme variation and population size of haya Mexicana (Fagus grandifolia subsp. Mexicana) in the sierra madre oriental; [Variación aloenzimática y tamaño de poblaciones de haya Mexicana (Fagus grandifolia subsp. Mexicana) en la sierra madre oriental],,,,,,,,,,,,,,,,,,,,,,,,,,,,
AB_0031,Bannon K.; Delagrange S.; Bélanger N.; Messier C. (2015). American beech and sugar maple sapling relative abundance and growth are not modified by light availability following partial and total canopy disturbances,2015,American beech and sugar maple sapling relative abundance and growth are not modified by light availability following partial and total canopy disturbances,,,,,,,,,,,,,,,,,,,,,,,,,,,,
AB_0032,Weimer J. (2024). AMERICAN BEECH FACES ANOTHER HURDLE: BEECH LEAF DISEASE,2024,AMERICAN BEECH FACES ANOTHER HURDLE: BEECH LEAF DISEASE,,,,,,,,,,,,,,,,,,,,,,,,,,,,
AB_0033,Bernard A.; Gélinas N.; Duchateau E.; Durocher C.; Achim A. (2019). American beech in value-added hardwood products: Assessing consumer preferences,2019,American beech in value-added hardwood products: Assessing consumer preferences,,,,,,,,,,,,,,,,,,,,,,,,,,,,
AB_0034,Hudson J.E.; Levia D.F.; Wheeler K.I.; Winters C.G.; Vaughan M.C.H.; Chace J.F.; Sleeper R. (2018). American beech leaf-litter leachate chemistry: Effects of geography and phenophase,2018,American beech leaf-litter leachate chemistry: Effects of geography and phenophase,,,,,,,,,,,,,,,,,,,,,,,,,,,,
AB_0035,Dumont S.; Bédard S.; Moreau G. (2025). American beech mortality in stands recently infected by beech bark disease: implications for partial cutting,2025,American beech mortality in stands recently infected by beech bark disease: implications for partial cutting,,,,,,,,,,,,,,,,,,,,,,,,,,,,
AB_0036,Leduc F.; Chagnon C.; Moreau G.; Dumont S.; St-Jean É.; Achim A. (2024). American beech outgrows sugar maple at the sapling stage regardless of partial harvest intensity in northern hardwood forests,2024,American beech outgrows sugar maple at the sapling stage regardless of partial harvest intensity in northern hardwood forests,,,,,,,,,,,,,,,,,,,,,,,,,,,,
AB_0037,Moore F.; Rochon P.; Dupuch A.; Nolet P. (2026). American beech sapling dominance: Stand-scale insights from mobile laser scanning,2026,American beech sapling dominance: Stand-scale insights from mobile laser scanning,,,,,,,,,,,,,,,,,,,,,,,,,,,,
AB_0038,Ware D.M.E.; Ware S. (1992). An Acer barbatum-rich ravine forest community in the Virginia Coastal Plain,1992,An Acer barbatum-rich ravine forest community in the Virginia Coastal Plain,,,,,,,,,,,,,,,,,,,,,,,,,,,,
AB_0039,White D.A. (1987). An American beech-dominated original growth forest in southeast Louisiana,1987,An American beech-dominated original growth forest in southeast Louisiana,,,,,,,,,,,,,,,,,,,,,,,,,,,,
AB_0040,Brashears M.B.; Fajvan M.A.; Schuler T.M. (2004). An Assessment of Canopy Stratification and Tree Species Diversity Following Clearcutting in Central Appalachian Hardwoods,2004,An Assessment of Canopy Stratification and Tree Species Diversity Following Clearcutting in Central Appalachian Hardwoods,,,,,,,,,,,,,,,,,,,,,,,,,,,,
AB_0041,Whitney G.G. (1987). An ecological history of the Great Lakes forest of Michigan.,1987,An ecological history of the Great Lakes forest of Michigan.,,,,,,,,,,,,,,,,,,,,,,,,,,,,
AB_0042,"Tompkins R. (2004). An ecological study of Magnolia macrophylla in Gaston County, North Carolina",2004,"An ecological study of Magnolia macrophylla in Gaston County, North Carolina",,,,,,,,,,,,,,,,,,,,,,,,,,,,
AB_0043,Busby P.E.; Canham C.D. (2011). An exotic insect and pathogen disease complex reduces aboveground tree biomass in temperate forests of eastern North America,2011,An exotic insect and pathogen disease complex reduces aboveground tree biomass in temperate forests of eastern North America,,,,,,,,,,,,,,,,,,,,,,,,,,,,
AB_0044,"Beauchamp V.B.; Koontz S.M.; Suss C.; Hawkins C.; Kyde K.L.; Schnase J.L. (2013). An introduction to Oplismenus undulatifolius (Ard.) Roem. & Schult. (wavyleaf basketgrass), a recent invader in Mid-Atlantic forest understories",2013,"An introduction to Oplismenus undulatifolius (Ard.) Roem. & Schult. (wavyleaf basketgrass), a recent invader in Mid-Atlantic forest understories",,,,,,,,,,,,,,,,,,,,,,,,,,,,
AB_0045,"Laflamme J.; Munson A.D.; Grondin P.; Arseneault D. (2016). Anthropogenic disturbances create a new vegetation toposequence in the Gatineau River Valley, Quebec",2016,"Anthropogenic disturbances create a new vegetation toposequence in the Gatineau River Valley, Quebec",,,,,,,,,,,,,,,,,,,,,,,,,,,,
AB_0046,Bergeron P.; Réale D.; Humphries M.M.; Garant D. (2011). Anticipation and tracking of pulsed resources drive population dynamics in eastern chipmunks,2011,Anticipation and tracking of pulsed resources drive population dynamics in eastern chipmunks,,,,,,,,,,,,,,,,,,,,,,,,,,,,
AB_0047,Seagle S.W.; Liang S.-Y. (2001). Application of a forest gap model for prediction of browsing effects on riparian forest succession,2001,Application of a forest gap model for prediction of browsing effects on riparian forest succession,,,,,,,,,,,,,,,,,,,,,,,,,,,,
AB_0048,Dombroskie S.; McKendy M.; Ruelland C.; Richards W.; Bourque C.P.-A.; Meng F.-R. (2010). Assessing impact of projected future climate on tree species growth and yield: Development of an evaluation strategy,2010,Assessing impact of projected future climate on tree species growth and yield: Development of an evaluation strategy,,,,,,,,,,,,,,,,,,,,,,,,,,,,
AB_0049,Nyland R.D.; Nystrom L.; Kiernan D.H.; Bevilacqua E. (2019). Assessing small-stem density in northern hardwood selection system stands,2019,Assessing small-stem density in northern hardwood selection system stands,,,,,,,,,,,,,,,,,,,,,,,,,,,,
AB_0050,Weyrens J.; Germain R. (2022). Assessing the Economic Viability of the Mechanized Removal of Understory Beech during a Shelterwood Harvest,2022,Assessing the Economic Viability of the Mechanized Removal of Understory Beech during a Shelterwood Harvest,,,,,,,,,,,,,,,,,,,,,,,,,,,,
AB_0051,Rosemier J.N.; Storer A.J. (2010). Assessing the responses of native small mammals to an incipient invasion of beech bark disease through changes in seed production of American beech (Fagus grandifolia),2010,Assessing the responses of native small mammals to an incipient invasion of beech bark disease through changes in seed production of American beech (Fagus grandifolia),,,,,,,,,,,,,,,,,,,,,,,,,,,,
AB_0052,Nagy C.; Ng C.; Veverka N.; Weckel M. (2022). Assessment of a 15-year white-tailed deer management program and woody recovery in a suburban forest preserve,2022,Assessment of a 15-year white-tailed deer management program and woody recovery in a suburban forest preserve,,,,,,,,,,,,,,,,,,,,,,,,,,,,
AB_0053,Koch J.L.; Carey D.W.; Mason M.E.; Dana Nelson C. (2010). Assessment of beech scale resistance in full- and half-sibling American beech families,2010,Assessment of beech scale resistance in full- and half-sibling American beech families,,,,,,,,,,,,,,,,,,,,,,,,,,,,
AB_0054,Wiggins G.J.; Grant J.F.; Windham M.T.; Vance R.A.; Rutherford B.; Klein R.; Johnson K.; Taylor G. (2004). Associations between causal agents of the beech bark disease complex [Cryptococcus fagisuga (Homoptera: Cryptococcidae) and Nectria spp.] in the Great Smoky Mountains National Park,2004,Associations between causal agents of the beech bark disease complex [Cryptococcus fagisuga (Homoptera: Cryptococcidae) and Nectria spp.] in the Great Smoky Mountains National Park,,,,,,,,,,,,,,,,,,,,,,,,,,,,
AB_0055,Morris A.B.; Millsaps N.K.; Mason K.Q.; Howell J.S.; Speer J.H. (2014). Ature beech trees (Fagus Grandifolia; Fagaceae) are persistently clonal in coves and beech gaps in the Great Smoky Mountains,2014,Ature beech trees (Fagus Grandifolia; Fagaceae) are persistently clonal in coves and beech gaps in the Great Smoky Mountains,,,,,,,,,,,,,,,,,,,,,,,,,,,,
AB_0056,Amthor J.S.; Gill D.S.; Bormann F.H. (1990). Autumnal leaf conductance and apparent photosynthesis by saplings and sprouts in a recently disturbed northern hardwood forest,1990,Autumnal leaf conductance and apparent photosynthesis by saplings and sprouts in a recently disturbed northern hardwood forest,,,,,,,,,,,,,,,,,,,,,,,,,,,,
AB_0057,Ostrofsky W.D.; Shortle W.C.; Blanchard R.O. (1984). Bark phenolics of American beech (Fagus grandifolia) in relation to the beech bark disease,1984,Bark phenolics of American beech (Fagus grandifolia) in relation to the beech bark disease,,,,,,,,,,,,,,,,,,,,,,,,,,,,
AB_0058,"Edgin B.R.; Ebinger J.E. (1997). Barrens and the forest-prairie interface in presettlement Crawford County, Illinois",1997,"Barrens and the forest-prairie interface in presettlement Crawford County, Illinois",,,,,,,,,,,,,,,,,,,,,,,,,,,,
AB_0059,"Stuart-Haëntjens E.; Atkins J.W.; Fotis A.T.; Fahey R.T.; Hardiman B.S.; Alveshere B.C.; Vogel C.; Gough C.M. (2023). Beech bark disease does not reduce the long-term wood production of two forests contrasting in age, productivity, and structure",2023,"Beech bark disease does not reduce the long-term wood production of two forests contrasting in age, productivity, and structure",,,,,,,,,,,,,,,,,,,,,,,,,,,,
AB_0060,"Kish R.; James P.M.A.; Mariani R.O.; Schurman J.S.; Thomas S.C.; Young E.N.; Martin A.R. (2022). Beech Bark Disease in an Unmanaged Temperate Forest: Patterns, Predictors, and Impacts on Ecosystem Function",2022,"Beech Bark Disease in an Unmanaged Temperate Forest: Patterns, Predictors, and Impacts on Ecosystem Function",,,,,,,,,,,,,,,,,,,,,,,,,,,,
AB_0061,Cale J.A.; Garrison-Johnston M.T.; Teale S.A.; Castello J.D. (2017). Beech bark disease in North America: Over a century of research revisited,2017,Beech bark disease in North America: Over a century of research revisited,,,,,,,,,,,,,,,,,,,,,,,,,,,,
AB_0062,Latty E.F.; Canham C.D.; Marks P.L. (2003). Beech bark disease in northern hardwood forests: The importance of nitrogen dynamics and forest history for disease severity,2003,Beech bark disease in northern hardwood forests: The importance of nitrogen dynamics and forest history for disease severity,,,,,,,,,,,,,,,,,,,,,,,,,,,,
AB_0063,Welshofer K.B.; Vandermast D.B. (2016). Beech Bark Disease Reduces Sus scrofa (Boar) Rooting Intensity in Great Smoky Mountains National Park,2016,Beech Bark Disease Reduces Sus scrofa (Boar) Rooting Intensity in Great Smoky Mountains National Park,,,,,,,,,,,,,,,,,,,,,,,,,,,,
AB_0064,Lonsdale D.; Wainhouse D. (1987). Beech bark disease.,1987,Beech bark disease.,,,,,,,,,,,,,,,,,,,,,,,,,,,,
AB_0065,Cale J.A.; Letkowski S.K.; Teale S.A.; Castello J.D. (2012). Beech bark disease: An evaluation of the predisposition hypothesis in an aftermath forest,2012,Beech bark disease: An evaluation of the predisposition hypothesis in an aftermath forest,,,,,,,,,,,,,,,,,,,,,,,,,,,,
AB_0066,Giencke L.M.; Dovčiak M.; Mountrakis G.; Cale J.A.; Mitchell M.J. (2014). Beech bark disease: spatial patterns of thicket formation and disease spread in an aftermath forest in the northeastern United States,2014,Beech bark disease: spatial patterns of thicket formation and disease spread in an aftermath forest in the northeastern United States,,,,,,,,,,,,,,,,,,,,,,,,,,,,
AB_0067,"Koch J.L. (2010). Beech bark disease: The oldest ""New"" threat to American beech in the United States",2010,"Beech bark disease: The oldest ""New"" threat to American beech in the United States",,,,,,,,,,,,,,,,,,,,,,,,,,,,
AB_0068,Houston D.R.; Valentine H.T. (1988). Beech bark disease: the temporal pattern of cankering in aftermath forests of Maine,1988,Beech bark disease: the temporal pattern of cankering in aftermath forests of Maine,,,,,,,,,,,,,,,,,,,,,,,,,,,,
AB_0069,Carta L.K.; Handoo Z.A.; Li S.; Kantor M.; Bauchan G.; McCann D.; Gabriel C.K.; Yu Q.; Reed S.; Koch J.; Martin D.; Burke D.J. (2020). Beech leaf disease symptoms caused by newly recognized nematode subspecies Litylenchus crenatae mccannii (Anguinata) described from Fagus grandifolia in North America,2020,Beech leaf disease symptoms caused by newly recognized nematode subspecies Litylenchus crenatae mccannii (Anguinata) described from Fagus grandifolia in North America,,,,,,,,,,,,,,,,,,,,,,,,,,,,
AB_0070,Webb S.L. (1987). Beech range extension and vegetation history: pollen stratigraphy of two Wisconsin lakes.,1987,Beech range extension and vegetation history: pollen stratigraphy of two Wisconsin lakes.,,,,,,,,,,,,,,,,,,,,,,,,,,,,
AB_0071,"Beaudet M.; Messier C. (2008). Beech regeneration of seed and root sucker origin: A comparison of morphology, growth, survival, and response to defoliation",2008,"Beech regeneration of seed and root sucker origin: A comparison of morphology, growth, survival, and response to defoliation",,,,,,,,,,,,,,,,,,,,,,,,,,,,
AB_0072,Wagner S.; Collet C.; Madsen P.; Nakashizuka T.; Nyland R.D.; Sagheb-Talebi K. (2010). Beech regeneration research: From ecological to silvicultural aspects,2010,Beech regeneration research: From ecological to silvicultural aspects,,,,,,,,,,,,,,,,,,,,,,,,,,,,
AB_0073,"Cypher J.; Boucher D.H. (1982). Beech- maple coexistence and seedling growth rates at Mont Saint Hilaire, Quebec.",1982,"Beech- maple coexistence and seedling growth rates at Mont Saint Hilaire, Quebec.",,,,,,,,,,,,,,,,,,,,,,,,,,,,
AB_0074,"Brisson J.; Bergeron Y.; Bouchard A.; Leduc A. (1994). Beech-maple dynamics in an old-growth forest in southern Quebec, Canada",1994,"Beech-maple dynamics in an old-growth forest in southern Quebec, Canada",,,,,,,,,,,,,,,,,,,,,,,,,,,,
AB_0075,"Radcliffe D.C.; Matthews S.N.; Hix D.M. (2020). Beyond oak regeneration: Modelling mesophytic sapling density drivers along topographic, edaphic, and stand-structural gradients in mature oak-dominated forests of appalachian Ohio",2020,"Beyond oak regeneration: Modelling mesophytic sapling density drivers along topographic, edaphic, and stand-structural gradients in mature oak-dominated forests of appalachian Ohio",,,,,,,,,,,,,,,,,,,,,,,,,,,,
AB_0076,Thomas S.C.; Frye S.; Gale N.; Garmon M.; Launchbury R.; Machado N.; Melamed S.; Murray J.; Petroff A.; Winsborough C. (2013). Biochar mitigates negative effects of salt additions on two herbaceous plant species,2013,Biochar mitigates negative effects of salt additions on two herbaceous plant species,,,,,,,,,,,,,,,,,,,,,,,,,,,,
AB_0077,Calva-Soto K.; Pavón N.P.; Sánchez-González A.; Moreno C.E.; Ramírez-Marcial N. (2019). Biodiversity relationships in three structural components in a beech forest of Fagus grandifolia subsp. Mexicana; [Relaciones de la biodiversidad en tres componentes estructurales de un bosque de hayas de Fagus grandifolia subsp. mexicana],2019,Biodiversity relationships in three structural components in a beech forest of Fagus grandifolia subsp. Mexicana; [Relaciones de la biodiversidad en tres componentes estructurales de un bosque de hayas de Fagus grandifolia subsp. mexicana],,,,,,,,,,,,,,,,,,,,,,,,,,,,
AB_0078,Seger R.L.; Servello F.A.; Cross R.A.; Keisler D.H. (2013). Body mass and mast abundance influence foraging ecology of the American black bear (Ursus Americanus) in Maine,2013,Body mass and mast abundance influence foraging ecology of the American black bear (Ursus Americanus) in Maine,,,,,,,,,,,,,,,,,,,,,,,,,,,,
AB_0079,Liang S.Y.; Seagle S.W. (2002). Browsing and microhabitat effects on riparian forest woody seedling demography,2002,Browsing and microhabitat effects on riparian forest woody seedling demography,,,,,,,,,,,,,,,,,,,,,,,,,,,,
AB_0080,Willis J.L.; Walters M.B.; Farinosi E.J. (2021). Can coppicing planted saplings improve the growing position of mid-tolerant northern hardwood tree species in harvest gaps?,2021,Can coppicing planted saplings improve the growing position of mid-tolerant northern hardwood tree species in harvest gaps?,,,,,,,,,,,,,,,,,,,,,,,,,,,,
AB_0081,Cho D.S.; Boerner R.E.J. (1991). Canopy disturbance patterns and regeneration of Quercus species in two Ohio old-growth forests,1991,Canopy disturbance patterns and regeneration of Quercus species in two Ohio old-growth forests,,,,,,,,,,,,,,,,,,,,,,,,,,,,
AB_0082,"Richards J.D.; Hart J.L. (2011). Canopy gap dynamics and development patterns in secondary Quercus stands on the Cumberland Plateau, Alabama, USA",2011,"Canopy gap dynamics and development patterns in secondary Quercus stands on the Cumberland Plateau, Alabama, USA",,,,,,,,,,,,,,,,,,,,,,,,,,,,
AB_0083,Rentch J.S.; Schuler T.M.; Nowacki G.J.; Beane N.R.; Ford W.M. (2010). Canopy gap dynamics of second-growth red spruce-northern hardwood stands in West Virginia,2010,Canopy gap dynamics of second-growth red spruce-northern hardwood stands in West Virginia,,,,,,,,,,,,,,,,,,,,,,,,,,,,
AB_0084,Tourville J.C.; Wason J.W.; Dovciak M. (2022). Canopy gaps facilitate upslope shifts in montane conifers but not in temperate deciduous trees in the Northeastern United States,2022,Canopy gaps facilitate upslope shifts in montane conifers but not in temperate deciduous trees in the Northeastern United States,,,,,,,,,,,,,,,,,,,,,,,,,,,,
AB_0085,"Hancock J.E.; Arthur M.A.; Weathers K.C.; Lovett G.M. (2008). Carbon cycling along a gradient of beech bark disease impact in the Catskill Mountains, New York",2008,"Carbon cycling along a gradient of beech bark disease impact in the Catskill Mountains, New York",,,,,,,,,,,,,,,,,,,,,,,,,,,,
AB_0086,Cook-Patton S.C.; Maynard L.; Lemoine N.P.; Shue J.; Parker J.D. (2014). Cascading effects of a highly specialized beech-aphid-fungus interaction on forest regeneration,2014,Cascading effects of a highly specialized beech-aphid-fungus interaction on forest regeneration,,,,,,,,,,,,,,,,,,,,,,,,,,,,
AB_0087,"Larson B.M.H.; Waldron G.E. (2000). Catastrophic windthrow in Rondeau Provincial Park, Ontario",2000,"Catastrophic windthrow in Rondeau Provincial Park, Ontario",,,,,,,,,,,,,,,,,,,,,,,,,,,,
AB_0088,"Kenefic L.S.; Nyland R.D. (2007). Cavity trees, snags, and selection cutting: A Northern Hardwood case study",2007,"Cavity trees, snags, and selection cutting: A Northern Hardwood case study",,,,,,,,,,,,,,,,,,,,,,,,,,,,
AB_0089,"Seitler K.; Coe N. (2015). cDNA primers for quantitative analysis of protective compounds implicated in beech bark disease resistance in American beech, Fagus grandifolia",2015,"cDNA primers for quantitative analysis of protective compounds implicated in beech bark disease resistance in American beech, Fagus grandifolia",,,,,,,,,,,,,,,,,,,,,,,,,,,,
AB_0090,"Tatina R. (2015). Changes in Fagus grandifolia and Acer saccharum Abundance in an Old-Growth, Beech-Maple Forest at Warren Woods State Park, Berrien County, Michigan, USA",2015,"Changes in Fagus grandifolia and Acer saccharum Abundance in an Old-Growth, Beech-Maple Forest at Warren Woods State Park, Berrien County, Michigan, USA",,,,,,,,,,,,,,,,,,,,,,,,,,,,
AB_0091,"Rentch J.S.; Hicks Jr. R.R. (2005). Changes in presettlement forest composition for five areas in the central hardwood forest, 1784-1990",2005,"Changes in presettlement forest composition for five areas in the central hardwood forest, 1784-1990",,,,,,,,,,,,,,,,,,,,,,,,,,,,
AB_0092,Bognounou F.; Paré D.; Laganière J. (2023). Changes in seedlings’ composition and abundance following soil scarification and amendments in a northern hardwood forest,2023,Changes in seedlings’ composition and abundance following soil scarification and amendments in a northern hardwood forest,,,,,,,,,,,,,,,,,,,,,,,,,,,,
AB_0093,Runkle J.R. (1998). Changes in southern appalachian canopy tree gaps sampled thrice,1998,Changes in southern appalachian canopy tree gaps sampled thrice,,,,,,,,,,,,,,,,,,,,,,,,,,,,
AB_0094,"Duchesne L.; Ouimet R.; Moore J.-D.; Paquin R. (2005). Changes in structure and composition of maple-beech stands following sugar maple decline in Québec, Canada",2005,"Changes in structure and composition of maple-beech stands following sugar maple decline in Québec, Canada",,,,,,,,,,,,,,,,,,,,,,,,,,,,
AB_0095,Bognounou F.; Paré D.; Laganière J. (2024). Changes in understory plant communities following soil scarification and amendments in a Northern Hardwood Forest,2024,Changes in understory plant communities following soil scarification and amendments in a Northern Hardwood Forest,,,,,,,,,,,,,,,,,,,,,,,,,,,,
AB_0096,Morris M.M.J.; Lemon R.E. (1983). Characteristics of vegetation and topography near red-shouldered hawk nests in southwestern Quebec.,1983,Characteristics of vegetation and topography near red-shouldered hawk nests in southwestern Quebec.,,,,,,,,,,,,,,,,,,,,,,,,,,,,
AB_0097,"Stauder C.M.; Garnas J.R.; Morrison E.W.; Salgado-Salazar C.; Kasson M.T. (2020). Characterization of mating type genes in heterothallic Neonectria species, with emphasis on N. coccinea, N. ditissima, and N. faginata",2020,"Characterization of mating type genes in heterothallic Neonectria species, with emphasis on N. coccinea, N. ditissima, and N. faginata",,,,,,,,,,,,,,,,,,,,,,,,,,,,
AB_0098,Rollinson C.R.; Alexander M.R.; Dye A.W.; Moore D.J.P.; Pederson N.; Trouet V. (2021). Climate sensitivity of understory trees differs from overstory trees in temperate mesic forests,2021,Climate sensitivity of understory trees differs from overstory trees in temperate mesic forests,,,,,,,,,,,,,,,,,,,,,,,,,,,,
AB_0099,Latham R.E. (1992). Co-occurring tree species change rank in seedling performance with resources varied experimentally,1992,Co-occurring tree species change rank in seedling performance with resources varied experimentally,,,,,,,,,,,,,,,,,,,,,,,,,,,,
AB_0100,Takahashi K.; Arii K.; Lechowicz M.J. (2010). Codominance of Acer saccharum and Fagus grandifolia: The role of Fagus root sprouts along a slope gradient in an old-growth forest,2010,Codominance of Acer saccharum and Fagus grandifolia: The role of Fagus root sprouts along a slope gradient in an old-growth forest,,,,,,,,,,,,,,,,,,,,,,,,,,,,
AB_0101,"Messier C.; Bélanger N.; Brisson J.; Lechowicz M.J.; Gravel D. (2011). Comment on ""Present-day expansion of American beech in northeastern hardwood forests: Does soil base status matter?""",2011,"Comment on ""Present-day expansion of American beech in northeastern hardwood forests: Does soil base status matter?""",,,,,,,,,,,,,,,,,,,,,,,,,,,,
AB_0102,Ozier T.B.; Groninger J.W.; Ruffner C.M. (2006). Community composition and structural changes in a managed Illinois Ozark Hills forest,2006,Community composition and structural changes in a managed Illinois Ozark Hills forest,,,,,,,,,,,,,,,,,,,,,,,,,,,,
AB_0103,"Gordon D.A.R.; Burke D.J.; Carrino-Kyker S.R.; Bashian-Victoroff C.; Mabrouk A.I.; Van Stan J.T., II (2025). Community Composition of Microbial Eukaryotes Transported by Stemflow from Fagus grandifolia Ehrh. (American Beech) Trees in Northeastern Ohio (USA)",2025,Community Composition of Microbial Eukaryotes Transported by Stemflow from Fagus grandifolia Ehrh. (American Beech) Trees in Northeastern Ohio (USA),,,,,,,,,,,,,,,,,,,,,,,,,,,,
AB_0104,Bigelow S.W.; Canham C.D. (2002). Community organization of tree species along soil gradients in a north-eastern USA forest,2002,Community organization of tree species along soil gradients in a north-eastern USA forest,,,,,,,,,,,,,,,,,,,,,,,,,,,,
AB_0105,Hagemann U.; Van Der Kelen G.; Wagner S. (2013). Comparative assessment of natural regeneration quality in two northern hardwood stands,2013,Comparative assessment of natural regeneration quality in two northern hardwood stands,,,,,,,,,,,,,,,,,,,,,,,,,,,,
AB_0106,"Van Driesche R.G.; Japoshvili G. (2012). Comparative densities of beech scale, Cryptococcus fagisuga, (Hemiptera: Eriococcidae) in the country of Georgia and Massachusetts (USA), parts of its native and invaded ranges, on two species of beech",2012,"Comparative densities of beech scale, Cryptococcus fagisuga, (Hemiptera: Eriococcidae) in the country of Georgia and Massachusetts (USA), parts of its native and invaded ranges, on two species of beech",,,,,,,,,,,,,,,,,,,,,,,,,,,,
AB_0107,Salgado-Salazar C.; Skaltsas D.N.; Phipps T.; Castlebury L.A. (2021). Comparative genome analyses suggest a hemibiotrophic lifestyle and virulence differences for the beech bark disease fungal pathogens Neonectria faginata and Neonectria coccinea,2021,Comparative genome analyses suggest a hemibiotrophic lifestyle and virulence differences for the beech bark disease fungal pathogens Neonectria faginata and Neonectria coccinea,,,,,,,,,,,,,,,,,,,,,,,,,,,,
AB_0108,Angers V.A.; Messier C.; Beaudet M.; Leduc A. (2005). Comparing composition and structure in old-growth and harvested (selection and diameter-limit cuts) northern hardwood stands in Quebec,2005,Comparing composition and structure in old-growth and harvested (selection and diameter-limit cuts) northern hardwood stands in Quebec,,,,,,,,,,,,,,,,,,,,,,,,,,,,
AB_0109,"Veinotte C.; Freedman B.; Maass W.; Kirstein F. (2003). Comparison of the ground vegetation in spruce plantations and natural forest in the greater fundy ecosystem, New Brunswick",2003,"Comparison of the ground vegetation in spruce plantations and natural forest in the greater fundy ecosystem, New Brunswick",,,,,,,,,,,,,,,,,,,,,,,,,,,,
AB_0110,Mason M.E.; Koch J.L.; Krasowski M.; Loo J. (2013). Comparisons of protein profiles of beech bark disease resistant and susceptible American beech (Fagus grandifolia),2013,Comparisons of protein profiles of beech bark disease resistant and susceptible American beech (Fagus grandifolia),,,,,,,,,,,,,,,,,,,,,,,,,,,,
AB_0111,Bose A.K.; Alcalá-Pajares M.; Kern C.C.; Montoro-Girona M.; Thiffault N. (2023). Complex regeneration responses of eight tree species to partial harvest in mixedwood forests of northeastern North America,2023,Complex regeneration responses of eight tree species to partial harvest in mixedwood forests of northeastern North America,,,,,,,,,,,,,,,,,,,,,,,,,,,,
AB_0112,Cook R.E.; Williams C.E. (2011). Composition and structure of Riparian forest dominated by Tsuga canadensis: Contrasts between old-growth and second-growth stands in Northwestern Pennsylvania,2011,Composition and structure of Riparian forest dominated by Tsuga canadensis: Contrasts between old-growth and second-growth stands in Northwestern Pennsylvania,,,,,,,,,,,,,,,,,,,,,,,,,,,,
AB_0113,Holzmueller E.J.; Groninger J.W.; Ruffner C.M.; Ozier T.B. (2011). Composition of oak stands in the Illinois Ozark Hills 2 decades following light harvesting and no cutting,2011,Composition of oak stands in the Illinois Ozark Hills 2 decades following light harvesting and no cutting,,,,,,,,,,,,,,,,,,,,,,,,,,,,
AB_0114,"McCarthy B.C.; Small C.J.; Rubino D.L. (2001). Composition, structure and dynamics of Dysart Woods, an old-growth mixed mesophytic forest of southeastern Ohio",2001,"Composition, structure and dynamics of Dysart Woods, an old-growth mixed mesophytic forest of southeastern Ohio",,,,,,,,,,,,,,,,,,,,,,,,,,,,
AB_0115,Sipe T.W.; Yamulla R.J. (2021). Compositional dynamics and light regimes in a midwestern old-growth forest preserve,2021,Compositional dynamics and light regimes in a midwestern old-growth forest preserve,,,,,,,,,,,,,,,,,,,,,,,,,,,,
AB_0116,Sanders S.; Kirschbaum J.; Schafer N.L.; Gehring J.S. (2023). Comprehensive Assessment of White-Tailed Deer Browse in the Presence of Beech Bark Disease at a Great Lakes National Park,2023,Comprehensive Assessment of White-Tailed Deer Browse in the Presence of Beech Bark Disease at a Great Lakes National Park,,,,,,,,,,,,,,,,,,,,,,,,,,,,
AB_0117,Guan H.; Dong X.; Yan G.; Searls T.; Bourque C.P.-A.; Meng F.-R. (2021). Conditional inference trees in the assessment of tree mortality rates in the transitional mixed forests of Atlantic Canada,2021,Conditional inference trees in the assessment of tree mortality rates in the transitional mixed forests of Atlantic Canada,,,,,,,,,,,,,,,,,,,,,,,,,,,,
AB_0118,"Worth J.R.P.; Mori H.; Kitamura K. (2021). Confirmation of clonal reproduction of Fagus crenata Blume from Sado Island, Niigata Prefecture",2021,"Confirmation of clonal reproduction of Fagus crenata Blume from Sado Island, Niigata Prefecture",,,,,,,,,,,,,,,,,,,,,,,,,,,,
AB_0119,Pond S.E. (2008). Conservation and propagation of American beech (Fagus grandifolia EHRH.) through somatic embryogenesis,2008,Conservation and propagation of American beech (Fagus grandifolia EHRH.) through somatic embryogenesis,,,,,,,,,,,,,,,,,,,,,,,,,,,,
AB_0120,"Rowden A.; Robertson A.; Allnutt T.; Heredia S.; Williams-Linera G.; Newton A.C. (2004). Conservation genetics of Mexican beech, Fagus grandifolia var. mexicana",2004,"Conservation genetics of Mexican beech, Fagus grandifolia var. mexicana",,,,,,,,,,,,,,,,,,,,,,,,,,,,
AB_0121,Snell R.S.; Cowling S.A. (2015). Consideration of dispersal processes and northern refugia can improve our understanding of past plant migration rates in North America,2015,Consideration of dispersal processes and northern refugia can improve our understanding of past plant migration rates in North America,,,,,,,,,,,,,,,,,,,,,,,,,,,,
AB_0122,Kiel N.G.; Tourville J.C.; Wason J.W.; Dovciak M. (2026). Conspecific Adult Dominance Interacts With Microsite Factors to Influence Forest Regeneration Patterns Across Elevation,2026,Conspecific Adult Dominance Interacts With Microsite Factors to Influence Forest Regeneration Patterns Across Elevation,,,,,,,,,,,,,,,,,,,,,,,,,,,,
AB_0123,Ramage B.S.; Mangana I.J. (2017). Conspecific negative density dependence in American beech,2017,Conspecific negative density dependence in American beech,,,,,,,,,,,,,,,,,,,,,,,,,,,,
AB_0124,Tissier M.L.; Réale D.; Garant D.; Bergeron P. (2020). Consumption of red maple in anticipation of beech mast-seeding drives reproduction in eastern chipmunks,2020,Consumption of red maple in anticipation of beech mast-seeding drives reproduction in eastern chipmunks,,,,,,,,,,,,,,,,,,,,,,,,,,,,
AB_0125,Duchesne L.; Guillemette F.; Bédard S.; Ouimet R. (2025). Contemporary issues in Quebec's temperate forest - Part 1: Portrait of the forest territory; [Enjeux contemporains en forêt tempérée au Québec — Partie 1: Portrait du territoire forestier],2025,Contemporary issues in Quebec's temperate forest - Part 1: Portrait of the forest territory; [Enjeux contemporains en forêt tempérée au Québec — Partie 1: Portrait du territoire forestier],,,,,,,,,,,,,,,,,,,,,,,,,,,,
AB_0126,Guillemette F.; Bédard S.; Duchesne L.; Ouimet R. (2025). Contemporary issues in Quebec's temperate forest - Part 2: Biological invasions; [Enjeux contemporains en forêt tempérée au Québec — Partie 2: Les invasions biologiques],2025,Contemporary issues in Quebec's temperate forest - Part 2: Biological invasions; [Enjeux contemporains en forêt tempérée au Québec — Partie 2: Les invasions biologiques],,,,,,,,,,,,,,,,,,,,,,,,,,,,
AB_0127,Duchesne L.; Guillemette F.; Bédard S.; Ouimet R. (2025). Contemporary Issues in Québec’s Temperate Forest — Part 1: Profile of the Forests,2025,Contemporary Issues in Québec’s Temperate Forest — Part 1: Profile of the Forests,,,,,,,,,,,,,,,,,,,,,,,,,,,,
AB_0128,Guillemette F.; Bédard S.; Duchesne L.; Ouimet R. (2025). Contemporary issues in Québec’s temperate forest — Part 2: Biological invasions,2025,Contemporary issues in Québec’s temperate forest — Part 2: Biological invasions,,,,,,,,,,,,,,,,,,,,,,,,,,,,
AB_0129,Telfer E.S. (2004). Continuing environmental change - An example from Nova Scotia,2004,Continuing environmental change - An example from Nova Scotia,,,,,,,,,,,,,,,,,,,,,,,,,,,,
AB_0130,Peterson C.J.; Facelli J.M. (1992). Contrasting germination and seedling growth of Betula alleghaniensis and Rhus typhina subjected to various amounts and types of plant litter,1992,Contrasting germination and seedling growth of Betula alleghaniensis and Rhus typhina subjected to various amounts and types of plant litter,,,,,,,,,,,,,,,,,,,,,,,,,,,,
AB_0131,Horsley S.B. (1988). Control of understory vegetation in Allegheny hardwood stands with Oust,1988,Control of understory vegetation in Allegheny hardwood stands with Oust,,,,,,,,,,,,,,,,,,,,,,,,,,,,
AB_0132,Kochenderfer J.D.; Kochenderfer J.N.; Miller G.W. (2006). Controlling beech root and stump sprouts using the cut-stump treatment,2006,Controlling beech root and stump sprouts using the cut-stump treatment,,,,,,,,,,,,,,,,,,,,,,,,,,,,
AB_0133,Crozier C.R.; Boerner R.E.J. (1984). Correlations of understory herb distribution patterns with microhabitats under different tree species in a mixed mesophytic forest,1984,Correlations of understory herb distribution patterns with microhabitats under different tree species in a mixed mesophytic forest,,,,,,,,,,,,,,,,,,,,,,,,,,,,
AB_0134,"Babl E.; Alexander H.D.; Siegert C.M.; Willis J.L. (2020). Could canopy, bark, and leaf litter traits of encroaching non-oak species influence future flammability of upland oak forests?",2020,"Could canopy, bark, and leaf litter traits of encroaching non-oak species influence future flammability of upland oak forests?",,,,,,,,,,,,,,,,,,,,,,,,,,,,
AB_0135,Brommit A.G.; Charbonneau N.; Contreras T.A.; Fahrig L. (2004). Crown loss and subsequent branch sprouting of forest trees in response to a major ice storm,2004,Crown loss and subsequent branch sprouting of forest trees in response to a major ice storm,,,,,,,,,,,,,,,,,,,,,,,,,,,,
AB_0136,Schedlbauer J.L.; Polohovich S. (2020). Current and Future Carbon Storage Capacity in a Southeastern Pennsylvania Forest,2020,Current and Future Carbon Storage Capacity in a Southeastern Pennsylvania Forest,,,,,,,,,,,,,,,,,,,,,,,,,,,,
AB_0137,Rodríguez-Ramírez E.C.; Sánchez-González A.; Ángeles-Pérez G. (2013). Current distribution and coverage of Mexican beech forests Fagus grandifolia subsp. mexicana in Mexico,2013,Current distribution and coverage of Mexican beech forests Fagus grandifolia subsp. mexicana in Mexico,,,,,,,,,,,,,,,,,,,,,,,,,,,,
AB_0138,Lariviere S.; Huot J.; Samson C. (1994). Daily activity patterns of female black bears in a northern mixed-forest environment,1994,Daily activity patterns of female black bears in a northern mixed-forest environment,,,,,,,,,,,,,,,,,,,,,,,,,,,,
AB_0139,Tobiessen P. (1982). Dark opening of stomata in successional trees,1982,Dark opening of stomata in successional trees,,,,,,,,,,,,,,,,,,,,,,,,,,,,
AB_0140,Moroni M.T.; Ryan D.A.J. (2010). Deadwood abundance in recently harvested and old nova scotia hardwood forests,2010,Deadwood abundance in recently harvested and old nova scotia hardwood forests,,,,,,,,,,,,,,,,,,,,,,,,,,,,
AB_0141,Xu B.; Pan Y.; Plante A.F.; Johnson A.; Cole J.; Birdsey R. (2016). Decadal change of forest biomass carbon stocks and tree demography in the Delaware River Basin,2016,Decadal change of forest biomass carbon stocks and tree demography in the Delaware River Basin,,,,,,,,,,,,,,,,,,,,,,,,,,,,
AB_0142,Goraya M.; Kantor C.; Vieira P.; Martin D.; Kantor M. (2024). Deciphering the vectors: Unveiling the local dispersal of Litylenchus crenatae ssp. mccannii in the American beech (Fagus grandifolia) forest ecosystem,2024,Deciphering the vectors: Unveiling the local dispersal of Litylenchus crenatae ssp. mccannii in the American beech (Fagus grandifolia) forest ecosystem,,,,,,,,,,,,,,,,,,,,,,,,,,,,
AB_0143,Kawano S. (2000). Demographic genetic analyses of the American beech (Fagus grandifolia Ehrh.) I. Genetic sub structurings of northern populations with root suckers in Quebec and Pennsylvania,2000,Demographic genetic analyses of the American beech (Fagus grandifolia Ehrh.) I. Genetic sub structurings of northern populations with root suckers in Quebec and Pennsylvania,,,,,,,,,,,,,,,,,,,,,,,,,,,,
AB_0144,Kitamura K.; O'Neill J.; Whigham D.F.; Kawano S. (1998). Demographic genetic analyses of the American beech (Fagus grandifolia Ehrh.). Genetic variations of seed populations in Maryland,1998,Demographic genetic analyses of the American beech (Fagus grandifolia Ehrh.). Genetic variations of seed populations in Maryland,,,,,,,,,,,,,,,,,,,,,,,,,,,,
AB_0145,Kitamura K.; Takasu H.; Hagiwara S.; Homma K.; O'Neill J.; Whigham D.F.; Kawano S. (2008). Demographic genetics of American beech (Fagus grandifolia Ehrh.) IV. Development of genetic variability and gene flow during succession in a coastal plain forest in Maryland,2008,Demographic genetics of American beech (Fagus grandifolia Ehrh.) IV. Development of genetic variability and gene flow during succession in a coastal plain forest in Maryland,,,,,,,,,,,,,,,,,,,,,,,,,,,,
AB_0146,Kitamura K.; Morita T.; Kudo H.; O'Neill J.; Utech F.H.; Whigham D.F.; Kawano S. (2003). Demographic genetics of the American beech (Fagus grandifolia Ehrh.) III. Genetic substructuring of coastal plain population in Maryland,2003,Demographic genetics of the American beech (Fagus grandifolia Ehrh.) III. Genetic substructuring of coastal plain population in Maryland,,,,,,,,,,,,,,,,,,,,,,,,,,,,
AB_0147,"Kitamura K.; Homma K.; Takasu H.; Hagiwara S.; Utech F.H.; Whigham D.F.; Kawano S. (2001). Demographic genetics of the American beech, Fagus grandifolia. Ii. Genet substructure of populations for the blue ridge, piedmont and the Great Smoky Mountains",2001,"Demographic genetics of the American beech, Fagus grandifolia. Ii. Genet substructure of populations for the blue ridge, piedmont and the Great Smoky Mountains",,,,,,,,,,,,,,,,,,,,,,,,,,,,
AB_0148,Kitamura K.; Kawano S. (1996). Demographic genetics of tree metapopulation - A case study of Fagus crenata and Fagus grandifolia-,1996,Demographic genetics of tree metapopulation - A case study of Fagus crenata and Fagus grandifolia-,,,,,,,,,,,,,,,,,,,,,,,,,,,,
AB_0149,Conrod C.A.; Reitsma L. (2015). Demographic Responses of Myomorph Rodents to Mast Production in a Beech-and Birch-Dominated Northern Hardwood Forest,2015,Demographic Responses of Myomorph Rodents to Mast Production in a Beech-and Birch-Dominated Northern Hardwood Forest,,,,,,,,,,,,,,,,,,,,,,,,,,,,
AB_0150,Batista W.B.; Platt W.J.; Macchiavellli R.E. (1998). Demography of a shade-tolerant tree (Fagus grandifolia) in a hurricane-disturbed forest,1998,Demography of a shade-tolerant tree (Fagus grandifolia) in a hurricane-disturbed forest,,,,,,,,,,,,,,,,,,,,,,,,,,,,
AB_0151,Cho D.-S.; Boerner R.E.J. (1995). Dendrochronological analysis of the canopy history of two Ohio old-growth forests,1995,Dendrochronological analysis of the canopy history of two Ohio old-growth forests,,,,,,,,,,,,,,,,,,,,,,,,,,,,
AB_0152,"Schooley R.L.; McLaughlin C.R.; Matula Jnr G.J.; Krohn W.B. (1994). Denning chronology of female black bears: Effects of food, weather, and reproduction",1994,"Denning chronology of female black bears: Effects of food, weather, and reproduction",,,,,,,,,,,,,,,,,,,,,,,,,,,,
AB_0153,"Schooley R.L.; McLaughlin C.R.; Matula Jr. G.J.; Krohn W.B. (1999). Denning chronology of female black bears: effects of food, weather, and reproduction",1999,"Denning chronology of female black bears: effects of food, weather, and reproduction",,,,,,,,,,,,,,,,,,,,,,,,,,,,
AB_0154,Goebel P.C.; Hix D.M.; Jones J.W. (1996). Development of mixed-oak forests in southeastern Ohio: A comparison of second-growth and old-growth forests,1996,Development of mixed-oak forests in southeastern Ohio: A comparison of second-growth and old-growth forests,,,,,,,,,,,,,,,,,,,,,,,,,,,,
AB_0155,"Burke D.J.; Hoke A.J.; Reed S.; Martin D.; Carrino-Kyker S.R.; Pitts M.C.; Battagin S. (2023). Development of Primers Specific for Detection of Litylenchus crenatae, the Causal Agent of Beech Leaf Disease, in Plant Tissue",2023,"Development of Primers Specific for Detection of Litylenchus crenatae, the Causal Agent of Beech Leaf Disease, in Plant Tissue",,,,,,,,,,,,,,,,,,,,,,,,,,,,
AB_0156,"Cepek J.D. (2004). Diet composition of coyotes in the Cuyahoga Valley National Park, Ohio",2004,"Diet composition of coyotes in the Cuyahoga Valley National Park, Ohio",,,,,,,,,,,,,,,,,,,,,,,,,,,,
AB_0157,Melancon S.; Lechowicz M.J. (1987). Differences in the damage caused by glaze ice on codominant Acer saccharum and Fagus grandifolia.,1987,Differences in the damage caused by glaze ice on codominant Acer saccharum and Fagus grandifolia.,,,,,,,,,,,,,,,,,,,,,,,,,,,,
AB_0158,Halman J.M.; Schaberg P.G.; Hawley G.J.; Hansen C.F.; Fahey T.J. (2014). Differential impacts of calcium and aluminum treatments on sugar maple and American beech growth dynamics,2014,Differential impacts of calcium and aluminum treatments on sugar maple and American beech growth dynamics,,,,,,,,,,,,,,,,,,,,,,,,,,,,
AB_0159,Royo A.A.; Carson W.P. (2008). Direct and indirect effects of a dense understory on tree seedling recruitment in temperate forests: Habitat-mediated predation versus competition,2008,Direct and indirect effects of a dense understory on tree seedling recruitment in temperate forests: Habitat-mediated predation versus competition,,,,,,,,,,,,,,,,,,,,,,,,,,,,
AB_0160,Johnson V.C.; Adkisson C.S. (1985). Dispersal of beech nuts by blue jays in fragmented landscapes.,1985,Dispersal of beech nuts by blue jays in fragmented landscapes.,,,,,,,,,,,,,,,,,,,,,,,,,,,,
AB_0161,Davis M.B.; Woods K.D.; Webb S.L.; Futyma R.P. (1986). Dispersal versus climate: Expansion of Fagus and Tsuga into the Upper Great Lakes region,1986,Dispersal versus climate: Expansion of Fagus and Tsuga into the Upper Great Lakes region,,,,,,,,,,,,,,,,,,,,,,,,,,,,
AB_0162,Cleavitt N.L.; Battles J.J.; Fahey T.J.; van Doorn N.S. (2021). Disruption of the competitive balance between foundational tree species by interacting stressors in a temperate deciduous forest,2021,Disruption of the competitive balance between foundational tree species by interacting stressors in a temperate deciduous forest,,,,,,,,,,,,,,,,,,,,,,,,,,,,
AB_0163,Busby P.E.; Motzkin G.; Hall B. (2009). Distribution and dynamics of American beech in coastal southern New England,2009,Distribution and dynamics of American beech in coastal southern New England,,,,,,,,,,,,,,,,,,,,,,,,,,,,
AB_0164,"Schwadron P.A. (1995). Distribution and persistence of American chestnut sprouts, Castanea dentata [Marsh.] Borkh., in northeastern Ohio woodlands",1995,"Distribution and persistence of American chestnut sprouts, Castanea dentata [Marsh.] Borkh., in northeastern Ohio woodlands",,,,,,,,,,,,,,,,,,,,,,,,,,,,
AB_0165,Williams-Linera G.; Rowden A.; Newton A.C. (2002). Distribution and stand characteristics of relict populations of Mexican beech (Fagus grandifolia var. mexicana),2002,Distribution and stand characteristics of relict populations of Mexican beech (Fagus grandifolia var. mexicana),,,,,,,,,,,,,,,,,,,,,,,,,,,,
AB_0166,Wieferich D.J.; McCullough D.G.; Hayes D.B.; Schwalm N.J. (2011). Distribution of American beech (Fagus grandifolia) and beech scale (cryptococcus fagisuga Lind.) in michigan from 2005 to 2009,2011,Distribution of American beech (Fagus grandifolia) and beech scale (cryptococcus fagisuga Lind.) in michigan from 2005 to 2009,,,,,,,,,,,,,,,,,,,,,,,,,,,,
AB_0167,"Pfeil E.K.; Casacchia N.; Kerns G.J.; Diggins T.P. (2007). Distribution, composition, and orientation of down deadwood in riparian old-growth woodlands of Zoar Valley Canyon, western New York State, USA",2007,"Distribution, composition, and orientation of down deadwood in riparian old-growth woodlands of Zoar Valley Canyon, western New York State, USA",,,,,,,,,,,,,,,,,,,,,,,,,,,,
AB_0168,"Foster D.R. (1988). Disturbance history, community organization and vegetation dynamics of the old-growth Pisgah Forest, south-western New Hampshire, USA",1988,"Disturbance history, community organization and vegetation dynamics of the old-growth Pisgah Forest, south-western New Hampshire, USA",,,,,,,,,,,,,,,,,,,,,,,,,,,,
AB_0169,"Asahina H.; Lee T.D.; Eckert R.T. (2014). Disturbance-mediated dynamics of mid-tolerant hardwoods in an old pine-hemlock-hardwood forest, New Hampshire, USA",2014,"Disturbance-mediated dynamics of mid-tolerant hardwoods in an old pine-hemlock-hardwood forest, New Hampshire, USA",,,,,,,,,,,,,,,,,,,,,,,,,,,,
AB_0170,Boisvert-Marsh L.; Périé C.; de Blois S. (2019). Divergent responses to climate change and disturbance drive recruitment patterns underlying latitudinal shifts of tree species,2019,Divergent responses to climate change and disturbance drive recruitment patterns underlying latitudinal shifts of tree species,,,,,,,,,,,,,,,,,,,,,,,,,,,,
AB_0171,Doroski D.A.; Bradford M.A.; Duguid M.C.; Hallett R.A.; Pregitzer C.C.; Ashton M.S. (2022). Diverging conditions of current and potential future urban forest patches,2022,Diverging conditions of current and potential future urban forest patches,,,,,,,,,,,,,,,,,,,,,,,,,,,,
AB_0172,Larrivée M.; Buddle C.M. (2009). Diversity of canopy and understorey spiders in north-temperate hardwood forests,2009,Diversity of canopy and understorey spiders in north-temperate hardwood forests,,,,,,,,,,,,,,,,,,,,,,,,,,,,
AB_0173,Parsons W.F.J.; Ghotsa Mekontchou C.; Shovon T.A.; Maheu A.; Rivest D. (2025). Do drought and understory beech interact to influence the nutrition and growth of sugar maple?,2025,Do drought and understory beech interact to influence the nutrition and growth of sugar maple?,,,,,,,,,,,,,,,,,,,,,,,,,,,,
AB_0174,Takahashi K.; Lechowicz M.J. (2008). Do interspecific differences in sapling growth traits contribute to the co-dominance of Acer saccharum and Fagus grandifolia?,2008,Do interspecific differences in sapling growth traits contribute to the co-dominance of Acer saccharum and Fagus grandifolia?,,,,,,,,,,,,,,,,,,,,,,,,,,,,
AB_0175,Ricard J.-P.; Messier C.; Delagrange S.; Beaudet M. (2003). Do understory sapling respond to both light and below-ground competition?: A field experiment in a north-eastern American hardwood forest and a literature review,2003,Do understory sapling respond to both light and below-ground competition?: A field experiment in a north-eastern American hardwood forest and a literature review,,,,,,,,,,,,,,,,,,,,,,,,,,,,
AB_0176,Busby P.; Motzkin G. (2009). Dwarf beech forests in coastal New England: Topographic and edaphic controls on variation in forest structure,2009,Dwarf beech forests in coastal New England: Topographic and edaphic controls on variation in forest structure,,,,,,,,,,,,,,,,,,,,,,,,,,,,
AB_0177,Farrar A.; Ostrofsky W.D. (2006). Dynamics of American beech regeneration 10 years following harvesting in a beech bark disease-affected stand in Maine,2006,Dynamics of American beech regeneration 10 years following harvesting in a beech bark disease-affected stand in Maine,,,,,,,,,,,,,,,,,,,,,,,,,,,,
AB_0178,Bouffard J.; Garant D.; Bergeron P. (2020). Dynamics of ground-nest egg depredation by rodents in a mixed-wood forest,2020,Dynamics of ground-nest egg depredation by rodents in a mixed-wood forest,,,,,,,,,,,,,,,,,,,,,,,,,,,,
AB_0179,Courcot B.; Lemire D.; Bélanger N. (2024). Dynamics of soil water potential as a function of stand types in a temperate forest: Emphasis on flash droughts,2024,Dynamics of soil water potential as a function of stand types in a temperate forest: Emphasis on flash droughts,,,,,,,,,,,,,,,,,,,,,,,,,,,,
AB_0180,Monette R.; Ware S. (1983). Early forest succession in the Virginia Coastal Plain.,1983,Early forest succession in the Virginia Coastal Plain.,,,,,,,,,,,,,,,,,,,,,,,,,,,,
AB_0181,Kupfer J.A.; Runkle J.R. (1996). Early gap successional pathways in a Fagus-Acer forest preserve: Pattern and determinants,1996,Early gap successional pathways in a Fagus-Acer forest preserve: Pattern and determinants,,,,,,,,,,,,,,,,,,,,,,,,,,,,
AB_0182,D’Amato A.W.; Catanzaro P.F.; Fletcher L.S. (2015). Early regeneration and structural responses to patch selection and structural retention in second-growth northern hardwoods,2015,Early regeneration and structural responses to patch selection and structural retention in second-growth northern hardwoods,,,,,,,,,,,,,,,,,,,,,,,,,,,,
AB_0183,Roy M.-È.; Nolet P. (2018). Early-stage of invasion by beech bark disease does not necessarily trigger American beech root sucker establishment in hardwood stands,2018,Early-stage of invasion by beech bark disease does not necessarily trigger American beech root sucker establishment in hardwood stands,,,,,,,,,,,,,,,,,,,,,,,,,,,,
AB_0184,"Liptzin D.; Ashton P.M.S. (1999). Early-successional dynamics of single-aged mixed hardwood stands in a southern New England forest, USA",1999,"Early-successional dynamics of single-aged mixed hardwood stands in a southern New England forest, USA",,,,,,,,,,,,,,,,,,,,,,,,,,,,
AB_0185,"Gregory Corace III R.; Charles Goebel P.; Hix D.M.; Casselman T.; Seefelt N.E. (2009). Ecological forestry at national wildlife refuges: Experiences from seney national wildlife refuge and kirtland's warbler wildlife management area, USA",2009,"Ecological forestry at national wildlife refuges: Experiences from seney national wildlife refuge and kirtland's warbler wildlife management area, USA",,,,,,,,,,,,,,,,,,,,,,,,,,,,
AB_0186,Bose A.K.; Wagner R.G.; Weiskittel A.R.; D'Amato A.W. (2021). Effect magnitudes of operational-scale partial harvesting on residual tree growth and mortality of ten major tree species in Maine USA,2021,Effect magnitudes of operational-scale partial harvesting on residual tree growth and mortality of ten major tree species in Maine USA,,,,,,,,,,,,,,,,,,,,,,,,,,,,
AB_0187,Beaudet M.; Brisson J.; Gravel D.; Messier C. (2007). Effect of a major canopy disturbance on the coexistence of Acer saccharum and Fagus grandifolia in the understorey of an old-growth forest,2007,Effect of a major canopy disturbance on the coexistence of Acer saccharum and Fagus grandifolia in the understorey of an old-growth forest,,,,,,,,,,,,,,,,,,,,,,,,,,,,
AB_0188,Glover L.M.; Volponi S.N.; Royo A.A.; Johnstone-Yellin T.L. (2024). Effect of Herbivory on the Nutritional Value of Six Hardwood Species for White-Tailed Deer in the Allegheny Forest,2024,Effect of Herbivory on the Nutritional Value of Six Hardwood Species for White-Tailed Deer in the Allegheny Forest,,,,,,,,,,,,,,,,,,,,,,,,,,,,
AB_0189,Thurston S.W.; Krasny M.E.; Martin C.W.; Fahey T.J. (1992). Effect of site characteristics and 1st- and 2nd-year seedling densities on forest development in a northern hardwood forest,1992,Effect of site characteristics and 1st- and 2nd-year seedling densities on forest development in a northern hardwood forest,,,,,,,,,,,,,,,,,,,,,,,,,,,,
AB_0190,Rhoads A.G.; Hamburg S.P.; Fahey T.J.; Siccama T.G.; Hane E.N.; Battles J.; Cogbill C.; Randall J.; Wilson G. (2002). Effects of an intense ice storm on the structure of a northern hardwood forest,2002,Effects of an intense ice storm on the structure of a northern hardwood forest,,,,,,,,,,,,,,,,,,,,,,,,,,,,
AB_0191,Papaik M.J.; Canham C.D.; Latty E.F.; Woods K.D. (2005). Effects of an introduced pathogen on resistance to natural disturbance: Beech bark disease and windthrow,2005,Effects of an introduced pathogen on resistance to natural disturbance: Beech bark disease and windthrow,,,,,,,,,,,,,,,,,,,,,,,,,,,,
AB_0192,"Forrester J.A.; McGee G.G.; Mitchell M.J. (2003). Effects of beech bark disease on aboveground biomass and species composition in a mature northern hardwood forest, 1985 to 2000",2003,"Effects of beech bark disease on aboveground biomass and species composition in a mature northern hardwood forest, 1985 to 2000",,,,,,,,,,,,,,,,,,,,,,,,,,,,
AB_0193,Gavin D.G.; Peart D.R. (1993). Effects of beech bark disease on the growth of American beech (Fagus grandifolia),1993,Effects of beech bark disease on the growth of American beech (Fagus grandifolia),,,,,,,,,,,,,,,,,,,,,,,,,,,,
AB_0194,Reid C.D.; Strain B.R. (1994). Effects of CO2 enrichment on whole-plant carbon budget of seedlings of Fagus grandifolia and Acer saccharum in low irradiance,1994,Effects of CO2 enrichment on whole-plant carbon budget of seedlings of Fagus grandifolia and Acer saccharum in low irradiance,,,,,,,,,,,,,,,,,,,,,,,,,,,,
AB_0195,Rossell Jr. C.R.; Patch S.; Salmons S. (2007). Effects of deer browsing on native and non-native vegetation in a mixed oak-beech forest on the atlantic coastal plain,2007,Effects of deer browsing on native and non-native vegetation in a mixed oak-beech forest on the atlantic coastal plain,,,,,,,,,,,,,,,,,,,,,,,,,,,,
AB_0196,Danyagri G.; Baral S.K.; Pelletier G. (2019). Effects of disturbance and site factors on sapling dynamics and species diversity in northern hardwood stands,2019,Effects of disturbance and site factors on sapling dynamics and species diversity in northern hardwood stands,,,,,,,,,,,,,,,,,,,,,,,,,,,,
AB_0197,Deming L.S.; Gage S.F. (1999). Effects of forest practices on the wildlife and ecology of the northern forest,1999,Effects of forest practices on the wildlife and ecology of the northern forest,,,,,,,,,,,,,,,,,,,,,,,,,,,,
AB_0198,Brownlee M.B.; Bergeron P.; Réale D.; Garant D. (2025). Effects of home range size and burrow fidelity on survival and reproduction in eastern chipmunks (Tamias striatus) across different environmental contexts,2025,Effects of home range size and burrow fidelity on survival and reproduction in eastern chipmunks (Tamias striatus) across different environmental contexts,,,,,,,,,,,,,,,,,,,,,,,,,,,,
AB_0199,"Brissette J.C. (1996). Effects of intensity and frequency of harvesting on abundance, stocking and composition of natural regeneration in the Acadian Forest of eastern North America",1996,"Effects of intensity and frequency of harvesting on abundance, stocking and composition of natural regeneration in the Acadian Forest of eastern North America",,,,,,,,,,,,,,,,,,,,,,,,,,,,
AB_0200,"Messier C.; Nikinmaa E. (2000). Effects of light availability and sapling size on the growth, biomass allocation, and crown morphology of understory sugar maple, yellow birch, and beech",2000,"Effects of light availability and sapling size on the growth, biomass allocation, and crown morphology of understory sugar maple, yellow birch, and beech",,,,,,,,,,,,,,,,,,,,,,,,,,,,
AB_0201,Forrester J.A.; Bohn K.K. (2007). Effects of mechanical site preparation on the abundance and diversity of ground-layer vegetation in adirondack northern hardwood stands,2007,Effects of mechanical site preparation on the abundance and diversity of ground-layer vegetation in adirondack northern hardwood stands,,,,,,,,,,,,,,,,,,,,,,,,,,,,
AB_0202,Brose P.; Van Lear D. (1999). Effects of Seasonal Prescribed Fires on Residual Overstory Trees in Oak-Dominated Shelterwood Stands,1999,Effects of Seasonal Prescribed Fires on Residual Overstory Trees in Oak-Dominated Shelterwood Stands,,,,,,,,,,,,,,,,,,,,,,,,,,,,
AB_0203,Burke D.J.; Carrino-Kyker S.R.; Hoke A.J.; Galloway E.; Martin D.; Chick L. (2024). Effects of the nematode Litylenchus crenatae subsp. mccannii and beech leaf disease on leaf fungal and bacterial communities on Fagus grandifolia (American beech),2024,Effects of the nematode Litylenchus crenatae subsp. mccannii and beech leaf disease on leaf fungal and bacterial communities on Fagus grandifolia (American beech),,,,,,,,,,,,,,,,,,,,,,,,,,,,
AB_0204,"Reinhart K.O.; Johnson D.; Clay K. (2012). Effects of trees on their recruits in the southern Appalachians, USA",2012,"Effects of trees on their recruits in the southern Appalachians, USA",,,,,,,,,,,,,,,,,,,,,,,,,,,,
AB_0205,Cleavitt N.L.; Fahey T.J.; Montague M.S.; Battles J.J.; Box O.F.; Matthes J.H. (2022). Enemy release from beech bark disease coincides with upslope shift of American beech,2022,Enemy release from beech bark disease coincides with upslope shift of American beech,,,,,,,,,,,,,,,,,,,,,,,,,,,,
AB_0206,Zarfos M.R.; Lawrence G.B.; Beier C.M.; Page B.D.; McDonnell T.C.; Sullivan T.J.; Garrison-Johnston M.T.; Dovciak M. (2024). Environmental Change Drivers Reduce Sapling Layer Diversity in Sugar Maple-Beech Forests of Eastern North America: Environmental change and forest sapling layer : M. R. Zarfos and others,2024,Environmental Change Drivers Reduce Sapling Layer Diversity in Sugar Maple-Beech Forests of Eastern North America: Environmental change and forest sapling layer : M. R. Zarfos and others,,,,,,,,,,,,,,,,,,,,,,,,,,,,
AB_0207,Ashraf M.I.; Bourque C.P.-A.; MacLean D.A.; Erdle T.; Meng F.-R. (2015). Estimation of potential impacts of climate change on growth and yield of temperate tree species,2015,Estimation of potential impacts of climate change on growth and yield of temperate tree species,,,,,,,,,,,,,,,,,,,,,,,,,,,,
AB_0208,Gunn J.S.; Ducey M.J.; Belair E. (2019). Evaluating degradation in a North American temperate forest,2019,Evaluating degradation in a North American temperate forest,,,,,,,,,,,,,,,,,,,,,,,,,,,,
AB_0209,"Krueger L.M.; Peterson C.J.; Royo A.; Carson W.P. (2009). Evaluating relationships among tree growth rate, shade tolerance, and browse tolerance following disturbance in an eastern deciduous forest",2009,"Evaluating relationships among tree growth rate, shade tolerance, and browse tolerance following disturbance in an eastern deciduous forest",,,,,,,,,,,,,,,,,,,,,,,,,,,,
AB_0210,Royo A.A.; Peterson C.J.; Stanovick J.S.; Carson W.P. (2016). Evaluating the ecological impacts of salvage logging: Can natural and anthropogenic disturbances promote coexistence?,2016,Evaluating the ecological impacts of salvage logging: Can natural and anthropogenic disturbances promote coexistence?,,,,,,,,,,,,,,,,,,,,,,,,,,,,
AB_0211,"Cuprewich S.A.; Saunders M.R. (2024). Evaluating the impact of prescribed surface fire on seedlings in the Central Hardwood Region, USA",2024,"Evaluating the impact of prescribed surface fire on seedlings in the Central Hardwood Region, USA",,,,,,,,,,,,,,,,,,,,,,,,,,,,
AB_0212,Guillemette F.; Bédard S.; Fortin M. (2008). Evaluation of a tree classification system in relation to mortality risk in Québec northern hardwoods,2008,Evaluation of a tree classification system in relation to mortality risk in Québec northern hardwoods,,,,,,,,,,,,,,,,,,,,,,,,,,,,
AB_0213,Rubino D.L.; McCarthy B.C. (2003). Evaluation of coarse woody debris and forest vegetation across topographic gradients in a southern Ohio forest,2003,Evaluation of coarse woody debris and forest vegetation across topographic gradients in a southern Ohio forest,,,,,,,,,,,,,,,,,,,,,,,,,,,,
AB_0214,Wieferich D.J.; Hayes D.B.; McCullough D.G. (2013). Evaluation of digital photography for quantifying Cryptococcus fagisuga (Hemiptera: Eriococcidae) density on American beech trees,2013,Evaluation of digital photography for quantifying Cryptococcus fagisuga (Hemiptera: Eriococcidae) density on American beech trees,,,,,,,,,,,,,,,,,,,,,,,,,,,,
AB_0215,Ramirez M.; Loo J.; Krasowski M.J. (2007). Evaluation of resistance to the beech scale insect (Cryptococcus fagisuga) and propagation of American beech (Fagus grandifolia) by grafting,2007,Evaluation of resistance to the beech scale insect (Cryptococcus fagisuga) and propagation of American beech (Fagus grandifolia) by grafting,,,,,,,,,,,,,,,,,,,,,,,,,,,,
AB_0216,"Moise E.R.D.; Forbes G.B.H.; Morrison A.; Sweeney J.D.; Hillier N.K.; Johns R.C. (2015). Evidence for a substantial host-use bottleneck following the invasion of an exotic, polyphagous weevil",2015,"Evidence for a substantial host-use bottleneck following the invasion of an exotic, polyphagous weevil",,,,,,,,,,,,,,,,,,,,,,,,,,,,
AB_0217,"Murphy S.J.; McCarthy B.C. (2012). Evidence for topographic control of tree spatial patterning in an old-growth, mixed mesophytic forest in Southeastern Ohio, USA",2012,"Evidence for topographic control of tree spatial patterning in an old-growth, mixed mesophytic forest in Southeastern Ohio, USA",,,,,,,,,,,,,,,,,,,,,,,,,,,,
AB_0218,Bigelow S.W.; Canham C.D. (2010). Evidence that soil aluminum enforces site fidelity of Southern New England forest trees,2010,Evidence that soil aluminum enforces site fidelity of Southern New England forest trees,,,,,,,,,,,,,,,,,,,,,,,,,,,,
AB_0219,Coe N.; Mulder O.; Mulder K. (2023). Examining the Effect of Beech Bark Disease on Radial Growth in American Beech,2023,Examining the Effect of Beech Bark Disease on Radial Growth in American Beech,,,,,,,,,,,,,,,,,,,,,,,,,,,,
AB_0220,Frigoletto E.; Wylie P.; Pasquini S.C.; Carson W.P. (2017). Excluding deer increases the proportion of beech saplings originating from seed versus those of root sprout origin1,2017,Excluding deer increases the proportion of beech saplings originating from seed versus those of root sprout origin1,,,,,,,,,,,,,,,,,,,,,,,,,,,,
AB_0221,Alvarez-Aquino C.; Williams-Linera G.; Newton A.C. (2004). Experimental native tree seedling establishment for the restoration of a Mexican cloud forest,2004,Experimental native tree seedling establishment for the restoration of a Mexican cloud forest,,,,,,,,,,,,,,,,,,,,,,,,,,,,
AB_0222,Marlow J.; Peart D.R. (2014). Experimental reversal of soil acidification in a deciduous forest: Implications for seedling performance and changes in dominance of shade-tolerant species,2014,Experimental reversal of soil acidification in a deciduous forest: Implications for seedling performance and changes in dominance of shade-tolerant species,,,,,,,,,,,,,,,,,,,,,,,,,,,,
AB_0223,Bélanger N.; Chaput-Richard C. (2023). Experimental Warming of Typically Acidic and Nutrient-Poor Boreal Soils Does Not Affect Leaf-Litter Decomposition of Temperate Deciduous Tree Species,2023,Experimental Warming of Typically Acidic and Nutrient-Poor Boreal Soils Does Not Affect Leaf-Litter Decomposition of Temperate Deciduous Tree Species,,,,,,,,,,,,,,,,,,,,,,,,,,,,
AB_0224,"Loyd A.L.; Cowles R.S.; Borden M.A.; Lamondia J.A.; Mitkowski N.; Faubert H.; Burke D.; Hausman C.; Volk D.; Littlejohn C.; Stiller A.; Rigsby C.M.; Brantley B.; Fite K. (2024). Exploring Novel Management Methods for Beech Leaf Disease, an Emerging Threat to Forests and Landscapes",2024,"Exploring Novel Management Methods for Beech Leaf Disease, an Emerging Threat to Forests and Landscapes",,,,,,,,,,,,,,,,,,,,,,,,,,,,
AB_0225,Kochenderfer J.D.; Kochenderfer J.N.; Miller G.W. (2013). Extending the time interval for applying herbicide in cut-stump treatments on american beech,2013,Extending the time interval for applying herbicide in cut-stump treatments on american beech,,,,,,,,,,,,,,,,,,,,,,,,,,,,
AB_0226,"Munro D.; Thomas D.W.; Humphries M.M. (2008). Extreme suppression of aboveground activity by a food-storing hibernator, the eastern chipmunk (Tamias striatus)",2008,"Extreme suppression of aboveground activity by a food-storing hibernator, the eastern chipmunk (Tamias striatus)",,,,,,,,,,,,,,,,,,,,,,,,,,,,
AB_0227,Yaddanapudi H.S.; Hickerson N.; Saini S.; Tiwari A. (2017). Fabrication and characterization of transparent wood for next generation smart building applications,2017,Fabrication and characterization of transparent wood for next generation smart building applications,,,,,,,,,,,,,,,,,,,,,,,,,,,,
AB_0228,Fiorentino V.L.; Murphy S.M.; Stoepler T.M.; Lill J.T. (2014). Facilitative effects of group feeding on performance of the saddleback caterpillar (Lepidoptera: Limacodidae),2014,Facilitative effects of group feeding on performance of the saddleback caterpillar (Lepidoptera: Limacodidae),,,,,,,,,,,,,,,,,,,,,,,,,,,,
AB_0229,Harcombe P.A.; White B.D.; Glitzenstein J.S. (1982). Factors influencing distribution and first-year survivorship of a cohort of beech ( Fagus grandifolia Ehrh.) ( Texas).,1982,Factors influencing distribution and first-year survivorship of a cohort of beech ( Fagus grandifolia Ehrh.) ( Texas).,,,,,,,,,,,,,,,,,,,,,,,,,,,,
AB_0230,Bradshaw R.H.W.; Kito N.; Giesecke T. (2010). Factors influencing the Holocene history of Fagus,2010,Factors influencing the Holocene history of Fagus,,,,,,,,,,,,,,,,,,,,,,,,,,,,
AB_0231,Hewitt N.; Kellman M. (2004). Factors influencing tree colonization in fragmented forests: An experimental study of introduced seeds and seedlings,2004,Factors influencing tree colonization in fragmented forests: An experimental study of introduced seeds and seedlings,,,,,,,,,,,,,,,,,,,,,,,,,,,,
AB_0232,"Leak W.B. (2006). Fifty-year impacts of the beech bark disease in the bartlett experimental forest, New Hampshire",2006,"Fifty-year impacts of the beech bark disease in the bartlett experimental forest, New Hampshire",,,,,,,,,,,,,,,,,,,,,,,,,,,,
AB_0233,Mathiasen P.; Premoli A.C. (2013). Fine-scale genetic structure of Nothofagus pumilio (lenga) at contrasting elevations of the altitudinal gradient,2013,Fine-scale genetic structure of Nothofagus pumilio (lenga) at contrasting elevations of the altitudinal gradient,,,,,,,,,,,,,,,,,,,,,,,,,,,,
AB_0234,"Vallano D.M.; Sparks J.P. (2013). Foliar δ15N is affected by foliar nitrogen uptake, soil nitrogen, and mycorrhizae along a nitrogen deposition gradient",2013,"Foliar δ15N is affected by foliar nitrogen uptake, soil nitrogen, and mycorrhizae along a nitrogen deposition gradient",,,,,,,,,,,,,,,,,,,,,,,,,,,,
AB_0235,Lemaître J.; Villard M.-A. (2005). Foraging patterns of pileated woodpeckers in a managed Acadian forest: A resource selection function,2005,Foraging patterns of pileated woodpeckers in a managed Acadian forest: A resource selection function,,,,,,,,,,,,,,,,,,,,,,,,,,,,
AB_0236,Bohn K.K.; Nyland R.D. (2003). Forecasting development of understory American beech after partial cutting in uneven-aged northern hardwood stands,2003,Forecasting development of understory American beech after partial cutting in uneven-aged northern hardwood stands,,,,,,,,,,,,,,,,,,,,,,,,,,,,
AB_0237,Selvi E.; Liu D.; Bonello P.E. (2026). Forecasting the silent spread: Assessing the environmental risk of beech leaf disease in the face of climate change,2026,Forecasting the silent spread: Assessing the environmental risk of beech leaf disease in the face of climate change,,,,,,,,,,,,,,,,,,,,,,,,,,,,
AB_0238,"Van Stan J.T., II; Levia D.F., Jr.; Jenkins R.B. (2015). Forest Canopy Interception Loss Across Temporal Scales: Implications for Urban Greening Initiatives",2015,Forest Canopy Interception Loss Across Temporal Scales: Implications for Urban Greening Initiatives,,,,,,,,,,,,,,,,,,,,,,,,,,,,
AB_0239,Powell G.R. (1984). Forest cover on two watersheds of the Nashwaak Experimental Watershed Project in west-central New Brunswick.,1984,Forest cover on two watersheds of the Nashwaak Experimental Watershed Project in west-central New Brunswick.,,,,,,,,,,,,,,,,,,,,,,,,,,,,
AB_0240,"Vogelmann H.W.; Badger G.J.; Bliss M.; Klein R.M. (1985). Forest decline on Camels Hump, Vermont.",1985,"Forest decline on Camels Hump, Vermont.",,,,,,,,,,,,,,,,,,,,,,,,,,,,
AB_0241,Hanberry B.B. (2021). Forest disturbance types and current analogs for historical disturbance-independent forests,2021,Forest disturbance types and current analogs for historical disturbance-independent forests,,,,,,,,,,,,,,,,,,,,,,,,,,,,
AB_0242,Fralish J.S.; McArdle T.G. (2009). Forest dynamics across three century-length disturbance regimes in the illinois ozark hills,2009,Forest dynamics across three century-length disturbance regimes in the illinois ozark hills,,,,,,,,,,,,,,,,,,,,,,,,,,,,
AB_0243,"Hart J.L.; Van De Gevel S.L.; Grissino-Mayer H.D. (2008). Forest dynamics in a natural area of the southern Ridge and Valley, Tennessee",2008,"Forest dynamics in a natural area of the southern Ridge and Valley, Tennessee",,,,,,,,,,,,,,,,,,,,,,,,,,,,
AB_0244,Lett C.; Silber C.; Dubé P.; Walter J.-M.; Raffy M. (1999). Forest Dynamics: A Spatial Gap Model Simulated on a Cellular Automata Network,1999,Forest Dynamics: A Spatial Gap Model Simulated on a Cellular Automata Network,,,,,,,,,,,,,,,,,,,,,,,,,,,,
AB_0245,"Pacala S.W.; Canham C.D.; Saponara J.; Silander Jr. J.A.; Kobe R.K.; Ribbens E. (1996). Forest models defined by field measurements: estimation, error analysis and dynamics",1996,"Forest models defined by field measurements: estimation, error analysis and dynamics",,,,,,,,,,,,,,,,,,,,,,,,,,,,
AB_0246,"Archambault L.; Delisle C.; Larocque G.R. (2009). Forest regeneration 50 years following partial cutting in mixedwood ecosystems of southern Quebec, Canada",2009,"Forest regeneration 50 years following partial cutting in mixedwood ecosystems of southern Quebec, Canada",,,,,,,,,,,,,,,,,,,,,,,,,,,,
AB_0247,Busby Posy E.; Canham Charles D.; Motzkin G.; Foster David R. (2009). Forest response to chronic hurricane disturbance in coastal New England,2009,Forest response to chronic hurricane disturbance in coastal New England,,,,,,,,,,,,,,,,,,,,,,,,,,,,
AB_0248,"Williams-Linera G.; Alvarez-Aquino C.; Pedraza R.A. (2011). Forest restoration in the tropical montane cloud forest belt of central veracruz, Mexico",2011,"Forest restoration in the tropical montane cloud forest belt of central veracruz, Mexico",,,,,,,,,,,,,,,,,,,,,,,,,,,,
AB_0249,Wiersma G.B.; Elvir J.A.; Eckhoff J.D. (2007). Forest vegetation monitoring and foliar chemistry of red spruce and red maple at Acadia National Park in Maine,2007,Forest vegetation monitoring and foliar chemistry of red spruce and red maple at Acadia National Park in Maine,,,,,,,,,,,,,,,,,,,,,,,,,,,,
AB_0250,"Roberts M.R.; Richardson C.J. (1985). Forty-one years of population change and community succession in aspen forests on four soil types, northern lower Michigan, USA.",1985,"Forty-one years of population change and community succession in aspen forests on four soil types, northern lower Michigan, USA.",,,,,,,,,,,,,,,,,,,,,,,,,,,,
AB_0251,Farahat E.; Lechowicz M.J. (2013). Functional ecology of growth in seedlings versus root sprouts of Fagus grandifolia Ehrh.,2013,Functional ecology of growth in seedlings versus root sprouts of Fagus grandifolia Ehrh.,,,,,,,,,,,,,,,,,,,,,,,,,,,,
AB_0252,Crous P.W.; Jurjević Ž.; Balashov S.; De la Peña-Lastra S.; Mateos A.; Pinruan U.; Rigueiro-Rodríguez A.; Osieck E.R.; Altés A.; Czachura P.; Esteve-Raventós F.; Gunaseelan S.; Kaliyaperumal M.; Larsson E.; Luangsa-Ard J.J.; Moreno G.; Pancorbo F.; Piątek M.; Sommai S.; Somrithipol S.; Asif M.; Delgado G.; Flakus A.; Illescas T.; Kezo K.; Khamsuntorn P.; Kubátová A.; Labuda R.; Lavoise C.; Lebel T.; Lueangjaroenkit P.; Maciá-Vicente J.G.; Paz A.; Saba M.; Shivas R.G.; Tan Y.P.; Wingfield M.J.; Aas T.; Abramczyk B.; Ainsworth A.M.; Akulov A.; Alvarado P.; Armada F.; Assyov B.; Avchar R.; Avesani M.; Bezerra J.L.; Bhat J.D.; Bilański P.; Bily D.S.; Boccardo F.; Bozok F.; Campos J.C.; Chaimongkol S.; Chellappan N.; Costa M.M.; Dalecká M.; Darmostuk V.; Daskalopoulos V.; Dearnaley J.; Dentinger B.T.M.; De Silva N.I.; Dhotre D.; Díaz-Carlavilla J.R.; Doungsa-Ard C.; Dovana F.; Erhard A.; Ferro L.O.; Gallegos S.C.; Giles C.E.; Gore G.; Gorfer M.; Guard F.E.; Hanson S.-Å.; Haridev P.; Jankowiak R.; Jeffers S.N.; Kandemir H.; Karich A.; Kisło K.; Kiss L.; Krisai-Greilhuber I.; Latha K.P.D.; Lorenzini M.; Lumyong S.; Manimohan P.; Manjón J.L.; Maula F.; Mazur E.; Mesquita N.L.S.; Młynek K.; Mongkolsamrit S.; Morán P.; Murugadoss R.; Nagarajan M.; Nalumpang S.; Noisripoom W.; Nosalj S.; Novaes Q.S.; Nowak M.; Pawłowska J.; Peiger M.; Pereira O.L.; Pinto A.; Plaza M.; Polemis E.; Polhorský A.; Ramos D.O.; Raza M.; Rivas-Ferreiro M.; Rodriguez-Flakus P.; Ruszkiewicz-Michalska M.; Sánchez A.; Santos A.; Schüller A.; Scott P.A.; Şen İ.; Shelke D.; Śliwa L.; Solheim H.; Sonawane H.; Strašiftáková D.; Stryjak-Bogacka M.; Sudsanguan M.; Suwannarach N.; Suz L.M.; Syme K.; Taşkın H.; Tennakoon D.S.; Tomka P.; Vaghefi N.; Vasan V.; Vauras J.; Wiktorowicz D.; Villarreal M.; Vizzini A.; Wrzosek M.; Yang X.; Yingkunchao W.; Zapparoli G.; Zervakis G.I.; Groenewald J.Z. (2024). Fungal Planet description sheets: 1614–1696,2024,Fungal Planet description sheets: 1614–1696,,,,,,,,,,,,,,,,,,,,,,,,,,,,
AB_0253,"Nevins M.T.; D'Amato A.W.; Foster J.R. (2021). Future forest composition under a changing climate and adaptive forest management in southeastern Vermont, USA",2021,"Future forest composition under a changing climate and adaptive forest management in southeastern Vermont, USA",,,,,,,,,,,,,,,,,,,,,,,,,,,,
AB_0254,McClure J.W.; Lee T.D.; Leak W.B. (2000). Gap capture in northern hardwoods: Patterns of establishment and height growth in four species,2000,Gap capture in northern hardwoods: Patterns of establishment and height growth in four species,,,,,,,,,,,,,,,,,,,,,,,,,,,,
AB_0255,Flinn K.M.; Dolnicek M.N.; Cox A.L. (2022). Gap dynamics and disease-causing invasive species drive the development of an old-growth forest over 250 years,2022,Gap dynamics and disease-causing invasive species drive the development of an old-growth forest over 250 years,,,,,,,,,,,,,,,,,,,,,,,,,,,,
AB_0256,Krasny M.E.; DiGregorio L.M. (2001). Gap dynamics in allegheny northern hardwood forests in the presence of beech bark disease and gypsy moth disturbances,2001,Gap dynamics in allegheny northern hardwood forests in the presence of beech bark disease and gypsy moth disturbances,,,,,,,,,,,,,,,,,,,,,,,,,,,,
AB_0257,Runkle J.R. (1990). Gap dynamics in an Ohio Acer-Fagus forest and speculations on the geography of disturbance,1990,Gap dynamics in an Ohio Acer-Fagus forest and speculations on the geography of disturbance,,,,,,,,,,,,,,,,,,,,,,,,,,,,
AB_0258,Čalić I.; Koch J.; Carey D.; Addo-Quaye C.; Carlson J.E.; Neale D.B. (2017). Genome-wide association study identifies a major gene for beech bark disease resistance in American beech (Fagus grandifolia Ehrh.),2017,Genome-wide association study identifies a major gene for beech bark disease resistance in American beech (Fagus grandifolia Ehrh.),,,,,,,,,,,,,,,,,,,,,,,,,,,,
AB_0259,Escudero-Leyva E.; Belle M.; DadkhahTehrani A.; Culver J.N.; Araya-Salas M.; Kutza J.P.; Goldson N.; Chavarría M.; Chaverri P. (2025). Genomic insights reveal community structure and phylogenetic associations of endohyphal bacteria and viruses in fungal endophytes,2025,Genomic insights reveal community structure and phylogenetic associations of endohyphal bacteria and viruses in fungal endophytes,,,,,,,,,,,,,,,,,,,,,,,,,,,,
AB_0260,Givelas M.; Gorgolewski A.; Duckett C.; Martin A.R. (2025). Glyphosate treatments for managing successional dynamics in beech bark disease-affected northern hardwood forests,2025,Glyphosate treatments for managing successional dynamics in beech bark disease-affected northern hardwood forests,,,,,,,,,,,,,,,,,,,,,,,,,,,,
AB_0261,Krasny M.E.; Whitmore M.C. (1992). Gradual and sudden forest canopy gaps in Allegheny northern hardwood forests,1992,Gradual and sudden forest canopy gaps in Allegheny northern hardwood forests,,,,,,,,,,,,,,,,,,,,,,,,,,,,
AB_0262,Rinkes Zachary L.; McCarthy Brian C. (2007). Ground layer heterogeneity and hardwood regeneration in mixed oak forest,2007,Ground layer heterogeneity and hardwood regeneration in mixed oak forest,,,,,,,,,,,,,,,,,,,,,,,,,,,,
AB_0263,Raymond P.; Munson A.D.; Ruel J.-C.; Nolet P. (2003). Group and single-tree selection cutting in mixed tolerant hardwood-white pine stands: Early establishment dynamics of white pine and associated species,2003,Group and single-tree selection cutting in mixed tolerant hardwood-white pine stands: Early establishment dynamics of white pine and associated species,,,,,,,,,,,,,,,,,,,,,,,,,,,,
AB_0264,Canham C.D. (1988). Growth and canopy architecture of shade-tolerant trees: response to canopy gaps,1988,Growth and canopy architecture of shade-tolerant trees: response to canopy gaps,,,,,,,,,,,,,,,,,,,,,,,,,,,,
AB_0265,"Beaudet M.; Messier C. (1998). Growth and morphological responses of yellow birch, sugar maple, and beech seedlings growing under a natural light gradient",1998,"Growth and morphological responses of yellow birch, sugar maple, and beech seedlings growing under a natural light gradient",,,,,,,,,,,,,,,,,,,,,,,,,,,,
AB_0266,"Beaudet M.; Messier C. (1998). Growth and morphological responses of yellow birch, sugar maple, and beech seedlings growing under a natural light gradient",1998,"Growth and morphological responses of yellow birch, sugar maple, and beech seedlings growing under a natural light gradient",,,,,,,,,,,,,,,,,,,,,,,,,,,,
AB_0267,Cleavitt N.L.; Fairbairn M.; Fahey T.J. (2008). Growth and survivorship of American beech (Fagus grandifolia Ehrh.) seedlings in a northern hardwood forest following a mast event,2008,Growth and survivorship of American beech (Fagus grandifolia Ehrh.) seedlings in a northern hardwood forest following a mast event,,,,,,,,,,,,,,,,,,,,,,,,,,,,
AB_0268,Donoso P.J.; Nyland R.D.; Zhang L. (2000). Growth of saplings after selection cutting in northern hardwoods,2000,Growth of saplings after selection cutting in northern hardwoods,,,,,,,,,,,,,,,,,,,,,,,,,,,,
AB_0269,"Dumont S.; Bédard S.; Achim A. (2023). Growth response and survival of American beech, yellow birch, and sugar maple regeneration to partial harvest",2023,"Growth response and survival of American beech, yellow birch, and sugar maple regeneration to partial harvest",,,,,,,,,,,,,,,,,,,,,,,,,,,,
AB_0270,Bazzaz F.A.; Coleman J.S.; Morse S.R. (1990). Growth responses of seven major co-occurring tree species of the northeastern United States to elevated CO2,1990,Growth responses of seven major co-occurring tree species of the northeastern United States to elevated CO2,,,,,,,,,,,,,,,,,,,,,,,,,,,,
AB_0271,Frye J.; Grosse W. (1992). Growth Responses to Flooding and Recovery of Deciduous Trees,1992,Growth Responses to Flooding and Recovery of Deciduous Trees,,,,,,,,,,,,,,,,,,,,,,,,,,,,
AB_0272,"Peters R.; Platt W.J. (1996). Growth strategies of main trees and forest architecture of a Fagus-Magnolia forest in Florida, USA",1996,"Growth strategies of main trees and forest architecture of a Fagus-Magnolia forest in Florida, USA",,,,,,,,,,,,,,,,,,,,,,,,,,,,
AB_0273,Lumibao C.Y.; McLachlan J.S. (2014). Habitat differences influence genetic impacts of human land use on the American Beech (Fagus grandifolia),2014,Habitat differences influence genetic impacts of human land use on the American Beech (Fagus grandifolia),,,,,,,,,,,,,,,,,,,,,,,,,,,,
AB_0274,Petrillo H.A.; Witter J.A. (2009). Habitat distribution of carabid beetles (Coleoptera: Carabidae) in northern hardwood forests of Michigan,2009,Habitat distribution of carabid beetles (Coleoptera: Carabidae) in northern hardwood forests of Michigan,,,,,,,,,,,,,,,,,,,,,,,,,,,,
AB_0275,Rodewald P.G.; Santiago M.J.; Rodewald A.D. (2005). Habitat use of breeding red-headed woodpeckers on golf courses in Ohio,2005,Habitat use of breeding red-headed woodpeckers on golf courses in Ohio,,,,,,,,,,,,,,,,,,,,,,,,,,,,
AB_0276,Vander Yacht A.L.; Kobe R.K.; Walters M.B. (2022). Hardwood regeneration in red pine plantations: Thinning and site quality effects on changes in density and species composition from edges to interiors,2022,Hardwood regeneration in red pine plantations: Thinning and site quality effects on changes in density and species composition from edges to interiors,,,,,,,,,,,,,,,,,,,,,,,,,,,,
AB_0277,"Gordon D.A.R.; Burke D.J.; Carino-Kyker S.R.; Bashian-Victoroff C.; Mabrouk A.I.; Van Stan J.T., II (2025). Harnessing stemflow as a diagnostic tool for canopy disease detection and monitoring",2025,Harnessing stemflow as a diagnostic tool for canopy disease detection and monitoring,,,,,,,,,,,,,,,,,,,,,,,,,,,,
AB_0278,Nyland R.D.; Ray D.G.; Yanai R.D. (2004). Height development of upper-canopy trees within even-aged adirondack northern hardwood stands,2004,Height development of upper-canopy trees within even-aged adirondack northern hardwood stands,,,,,,,,,,,,,,,,,,,,,,,,,,,,
AB_0279,Kochenderfer J.D.; Zedaker S.M.; Johnson J.E.; Smith D.W.; Miller G.W. (2001). Herbicide hardwood crop tree release in central West Virginia,2001,Herbicide hardwood crop tree release in central West Virginia,,,,,,,,,,,,,,,,,,,,,,,,,,,,
AB_0280,Horsley S.B.; Bjorkbom J.C. (1983). Herbicide treatment of striped maple and beech in Allegheny hardwood stands.,1983,Herbicide treatment of striped maple and beech in Allegheny hardwood stands.,,,,,,,,,,,,,,,,,,,,,,,,,,,,
AB_0281,Nuttle T.; Royo A.A.; Adams M.B.; Carson W.P. (2013). Historic disturbance regimes promote tree diversity only under low browsing regimes in eastern deciduous forest,2013,Historic disturbance regimes promote tree diversity only under low browsing regimes in eastern deciduous forest,,,,,,,,,,,,,,,,,,,,,,,,,,,,
AB_0282,"Waterman J.M.; D'Amato A.W.; Foster D.R.; Orwig D.A.; Pederson N. (2020). Historic forest composition and structure across an old-growth landscape in New Hampshire, USA",2020,"Historic forest composition and structure across an old-growth landscape in New Hampshire, USA",,,,,,,,,,,,,,,,,,,,,,,,,,,,
AB_0283,Kearsley J.B.; Jackson S.T. (1997). History of a Pinus strobus-dominated stand in northern New York,1997,History of a Pinus strobus-dominated stand in northern New York,,,,,,,,,,,,,,,,,,,,,,,,,,,,
AB_0284,"Morrison A.; Sweeney J.; Hughes C.; Johns R.C. (2017). Hitching a ride: Firewood as a potential pathway for range expansion of an exotic beech leaf-mining weevil, Orchestes fagi (Coleoptera: Curculionidae)",2017,"Hitching a ride: Firewood as a potential pathway for range expansion of an exotic beech leaf-mining weevil, Orchestes fagi (Coleoptera: Curculionidae)",,,,,,,,,,,,,,,,,,,,,,,,,,,,
AB_0285,"Bennett K.D. (1988). Holocene geographic spread and population expansion of Fagus grandifolia in Ontario, Canada",1988,"Holocene geographic spread and population expansion of Fagus grandifolia in Ontario, Canada",,,,,,,,,,,,,,,,,,,,,,,,,,,,
AB_0286,"Tsai Y.-H.E.; Manos P.S. (2010). Host density drives the postglacial migration of the tree parasite, Epifagus virginiana",2010,"Host density drives the postglacial migration of the tree parasite, Epifagus virginiana",,,,,,,,,,,,,,,,,,,,,,,,,,,,
AB_0287,Carey D.W.; Mason M.E.; Bloese P.; Koch J.L. (2013). Hot callusing for propagation of American beech by grafting,2013,Hot callusing for propagation of American beech by grafting,,,,,,,,,,,,,,,,,,,,,,,,,,,,
AB_0288,"Murphy S.D.; Flanagan J.; Noll K.; Wilson D.; Duncan B. (2007). How incomplete exotic species management can make matters worse: Experiments in forest restoration in Ontario, Canada",2007,"How incomplete exotic species management can make matters worse: Experiments in forest restoration in Ontario, Canada",,,,,,,,,,,,,,,,,,,,,,,,,,,,
AB_0289,Kribel J.R.G.; Ware S. (2014). Hurricane-caused tree loss on permanent plots in a temperate hardwood forest,2014,Hurricane-caused tree loss on permanent plots in a temperate hardwood forest,,,,,,,,,,,,,,,,,,,,,,,,,,,,
AB_0290,"Wason J.W.; Anstreicher K.S.; Stephansky N.; Huggett B.A.; Brodersen C.R. (2018). Hydraulic safety margins and air-seeding thresholds in roots, trunks, branches and petioles of four northern hardwood trees",2018,"Hydraulic safety margins and air-seeding thresholds in roots, trunks, branches and petioles of four northern hardwood trees",,,,,,,,,,,,,,,,,,,,,,,,,,,,
AB_0291,Duguay S.M.; Arii K.; Hooper M.; Lechowicz M.J. (2001). Ice storm damage and early recovery in an old-growth forest,2001,Ice storm damage and early recovery in an old-growth forest,,,,,,,,,,,,,,,,,,,,,,,,,,,,
AB_0292,Weeks B.C.; Hamburg S.P.; Vadeboncoeur M.A. (2009). Ice storm effects on the canopy structure of a northern hardwood forest after 8 years,2009,Ice storm effects on the canopy structure of a northern hardwood forest after 8 years,,,,,,,,,,,,,,,,,,,,,,,,,,,,
AB_0293,Covey K.R.; Barrett A.L.; Ashton M.S. (2015). Ice storms as a successional pathway for fagus grandifolia advancement in Quercus rubra dominated forests of Southern New England,2015,Ice storms as a successional pathway for fagus grandifolia advancement in Quercus rubra dominated forests of Southern New England,,,,,,,,,,,,,,,,,,,,,,,,,,,,
AB_0294,Vettori C.; Paffetti D.; Paule L.; Giannini R. (2004). Identification of the Fagus sylvatica L. and Fagus orientalis lipsky species and intraspecific variability,2004,Identification of the Fagus sylvatica L. and Fagus orientalis lipsky species and intraspecific variability,,,,,,,,,,,,,,,,,,,,,,,,,,,,
AB_0295,Long R.P.; Horsley S.B.; Lilja P.R. (1997). Impact of forest liming on growth and crown vigor of sugar maple and associated hardwoods,1997,Impact of forest liming on growth and crown vigor of sugar maple and associated hardwoods,,,,,,,,,,,,,,,,,,,,,,,,,,,,
AB_0296,"Sweeney J.D.; Hughes C.; Zhang H.; Hillier N.K.; Morrison A.; Johns R. (2020). Impact of the Invasive Beech Leaf-Mining Weevil, Orchestes fagi, on American Beech in Nova Scotia, Canada",2020,"Impact of the Invasive Beech Leaf-Mining Weevil, Orchestes fagi, on American Beech in Nova Scotia, Canada",,,,,,,,,,,,,,,,,,,,,,,,,,,,
AB_0297,Stephanson C.A.; Coe N.R. (2017). Impacts of beech bark disease and climate change on American beech,2017,Impacts of beech bark disease and climate change on American beech,,,,,,,,,,,,,,,,,,,,,,,,,,,,
AB_0298,Runkle J.R. (2007). Impacts of beech bark disease and deer browsing on the old-growth forest,2007,Impacts of beech bark disease and deer browsing on the old-growth forest,,,,,,,,,,,,,,,,,,,,,,,,,,,,
AB_0299,"Abrams M.D.; Hayes V.L.W. (2008). Impacts of contrasting land-use history on composition, soils, and development of mixed-oak, coastal plain forests on Shelter Island, New York",2008,"Impacts of contrasting land-use history on composition, soils, and development of mixed-oak, coastal plain forests on Shelter Island, New York",,,,,,,,,,,,,,,,,,,,,,,,,,,,
AB_0300,"Orwig D.A.; Abrams M.D. (1999). Impacts of early selective logging on the dendroecology of an old-growth, bottomland hemlock-white pine-northern hardwood forest on the Allegheny Plateau",1999,"Impacts of early selective logging on the dendroecology of an old-growth, bottomland hemlock-white pine-northern hardwood forest on the Allegheny Plateau",,,,,,,,,,,,,,,,,,,,,,,,,,,,
AB_0301,"Wang W.J.; He H.S.; Thompson F.R., III; Fraser J.S.; Hanberry B.B.; Dijak W.D. (2015). Importance of succession, harvest, and climate change in determining future composition in U.S. Central Hardwood Forests",2015,"Importance of succession, harvest, and climate change in determining future composition in U.S. Central Hardwood Forests",,,,,,,,,,,,,,,,,,,,,,,,,,,,
AB_0302,Nelson A.S.; Wagner R.G. (2011). Improving the composition of beech-dominated Northern hardwood understories in northern maine,2011,Improving the composition of beech-dominated Northern hardwood understories in northern maine,,,,,,,,,,,,,,,,,,,,,,,,,,,,
AB_0303,Pothier D.; Fortin M.; Auty D.; Delisle-Boulianne S.; Gagné L.-V.; Achim A. (2013). Improving tree selection for partial cutting through joint probability modelling of tree vigor and quality,2013,Improving tree selection for partial cutting through joint probability modelling of tree vigor and quality,,,,,,,,,,,,,,,,,,,,,,,,,,,,
AB_0304,Taylor A.R.; McPhee D.A.; Loo J.A. (2013). Incidence of beech bark disease resistance in the eastern Acadian forest of North America,2013,Incidence of beech bark disease resistance in the eastern Acadian forest of North America,,,,,,,,,,,,,,,,,,,,,,,,,,,,
AB_0305,St-Jean É.; Meunier S.; Nolet P.; Messier C.; Achim A. (2021). Increased levels of harvest may favour sugar maple regeneration over American beech in northern hardwoods,2021,Increased levels of harvest may favour sugar maple regeneration over American beech in northern hardwoods,,,,,,,,,,,,,,,,,,,,,,,,,,,,
AB_0306,Rasoanaivo A.; Mekontchou C.G.; Rochon P.; Nolet P.; Maheu A. (2024). Increased tree water use with the development of a dense understory layer in a North American hardwood forest,2024,Increased tree water use with the development of a dense understory layer in a North American hardwood forest,,,,,,,,,,,,,,,,,,,,,,,,,,,,
AB_0307,Hane E.N. (2003). Indirect effects of beech bark disease on sugar maple seedling survival,2003,Indirect effects of beech bark disease on sugar maple seedling survival,,,,,,,,,,,,,,,,,,,,,,,,,,,,
AB_0308,Bose A.K.; Wagner R.G.; Roth B.E.; Weiskittel A.R. (2018). Influence of browsing damage and overstory cover on regeneration of American beech and sugar maple nine years following understory herbicide release in central Maine,2018,Influence of browsing damage and overstory cover on regeneration of American beech and sugar maple nine years following understory herbicide release in central Maine,,,,,,,,,,,,,,,,,,,,,,,,,,,,
AB_0309,Ward J.S.; Williams S.C. (2020). Influence of Deer Hunting and Residual Stand Structure on Tree Regeneration in Deciduous Forests,2020,Influence of Deer Hunting and Residual Stand Structure on Tree Regeneration in Deciduous Forests,,,,,,,,,,,,,,,,,,,,,,,,,,,,
AB_0310,Pease B.S.; Holzmueller E.J.; Nielsen C.K. (2019). Influence of forest structure and composition on summer habitat use of wildlife in an upland hardwood forest,2019,Influence of forest structure and composition on summer habitat use of wildlife in an upland hardwood forest,,,,,,,,,,,,,,,,,,,,,,,,,,,,
AB_0311,"Stallins J.A.; Griggs J. (2004). Influence of historic upland silviculture on the composition of ravine forests along the Apalachicola River, Florida, USA",2004,"Influence of historic upland silviculture on the composition of ravine forests along the Apalachicola River, Florida, USA",,,,,,,,,,,,,,,,,,,,,,,,,,,,
AB_0312,"Martin M.; Raymond P.; Boucher Y. (2021). Influence of individual tree characteristics, spatial structure and logging history on tree-related microhabitat occurrence in North American hardwood forests",2021,"Influence of individual tree characteristics, spatial structure and logging history on tree-related microhabitat occurrence in North American hardwood forests",,,,,,,,,,,,,,,,,,,,,,,,,,,,
AB_0313,Fridell R.A.; Litvaitis J.A. (1991). Influence of resource distribution and abundance on home-range characteristics of southern flying squirrels,1991,Influence of resource distribution and abundance on home-range characteristics of southern flying squirrels,,,,,,,,,,,,,,,,,,,,,,,,,,,,
AB_0314,Morris J.L.; Ostrofsky W.D. (2005). Influence of stand thinning on ice storm injury in maine hardwood stands,2005,Influence of stand thinning on ice storm injury in maine hardwood stands,,,,,,,,,,,,,,,,,,,,,,,,,,,,
AB_0315,"Lemke D.; Dimov L.; Finch B.; Knight P.; Czech H.; Weninegar L.; Condit R. (2026). Initial tree census for the Paint Rock Forest Dynamics Plot, Alabama, USA",2026,"Initial tree census for the Paint Rock Forest Dynamics Plot, Alabama, USA",,,,,,,,,,,,,,,,,,,,,,,,,,,,
AB_0316,Lemoine N.P.; Burkepile D.E.; Parker J.D. (2017). Insect herbivores increase mortality and reduce tree seedling growth of some species in temperate forest canopy gaps,2017,Insect herbivores increase mortality and reduce tree seedling growth of some species in temperate forest canopy gaps,,,,,,,,,,,,,,,,,,,,,,,,,,,,
AB_0317,Girard F.; Beaudet M.; Mailly D.; Messier C. (2014). Integrating climatic response in competition dependent tree-level growth models for northern hardwoods,2014,Integrating climatic response in competition dependent tree-level growth models for northern hardwoods,,,,,,,,,,,,,,,,,,,,,,,,,,,,
AB_0318,van Stan II J.T.; Levia Jr. D.F. (2010). Inter- and intraspecific variation of stemflow production from Fagus grandifolia Ehrh. (American beech) and Liriodendron tulipifera L. (yellow poplar) in relation to bark microrelief in the eastern United States,2010,Inter- and intraspecific variation of stemflow production from Fagus grandifolia Ehrh. (American beech) and Liriodendron tulipifera L. (yellow poplar) in relation to bark microrelief in the eastern United States,,,,,,,,,,,,,,,,,,,,,,,,,,,,
AB_0319,Schlenker N.; Johnson J.; Ray-Cozzens T.; Stefanova V.; Nelson D.M.; Shuman B.N.; Williams J.W. (2024). Interacting effects of fire and hydroclimate on oak and beech community prevalence in the southern Great Lakes region,2024,Interacting effects of fire and hydroclimate on oak and beech community prevalence in the southern Great Lakes region,,,,,,,,,,,,,,,,,,,,,,,,,,,,
AB_0320,"Nyland R.D.; Bashant A.L.; Bohn K.K.; Verostek J.M. (2006). Interference to hardwood regeneration in northeastern North America: Controlling effects of American Beech, striped maple, and hobblebush",2006,"Interference to hardwood regeneration in northeastern North America: Controlling effects of American Beech, striped maple, and hobblebush",,,,,,,,,,,,,,,,,,,,,,,,,,,,
AB_0321,"Nyland R.D.; Bashant A.L.; Bohn K.K.; Verostek J.M. (2006). Interference to hardwood regeneration in Northeastern North America: Ecological characteristics of American Beech, striped maple, and hobblebush",2006,"Interference to hardwood regeneration in Northeastern North America: Ecological characteristics of American Beech, striped maple, and hobblebush",,,,,,,,,,,,,,,,,,,,,,,,,,,,
AB_0322,Woods K.D. (2004). Intermediate disturbance in a late-successional hemlock-northern hardwood forest,2004,Intermediate disturbance in a late-successional hemlock-northern hardwood forest,,,,,,,,,,,,,,,,,,,,,,,,,,,,
AB_0323,Thomas P.A.; Orwig D.A. (2025). International Biological Flora: Tsuga canadensis*,2025,International Biological Flora: Tsuga canadensis*,,,,,,,,,,,,,,,,,,,,,,,,,,,,
AB_0324,Caspersen J.P.; Kobe R.K. (2001). Interspecific variation in sapling mortality in relation to growth and soil moisture,2001,Interspecific variation in sapling mortality in relation to growth and soil moisture,,,,,,,,,,,,,,,,,,,,,,,,,,,,
AB_0325,Mattera M.G.; Gonzalez-Polo M.; Peri P.L.; Moreno D.A. (2024). Intraspecific variation in leaf (poly)phenolic content of a southern hemisphere beech (Nothofagus antarctica) growing under different environmental conditions,2024,Intraspecific variation in leaf (poly)phenolic content of a southern hemisphere beech (Nothofagus antarctica) growing under different environmental conditions,,,,,,,,,,,,,,,,,,,,,,,,,,,,
AB_0326,Kork R.K. (1996). Intraspecific variation in sapling mortality and growth predicts geographic variation in forest composition,1996,Intraspecific variation in sapling mortality and growth predicts geographic variation in forest composition,,,,,,,,,,,,,,,,,,,,,,,,,,,,
AB_0327,Morin R.S.; Liebhold A.M. (2015). Invasions by two non-native insects alter regional forest species composition and successional trajectories,2015,Invasions by two non-native insects alter regional forest species composition and successional trajectories,,,,,,,,,,,,,,,,,,,,,,,,,,,,
AB_0328,Morris A.B.; Small R.L.; Cruzan M.B. (2002). Investigating the relationship between Cryptococcus fagisuga and Fagus grandifolia in Great Smoky Mountains National Park,2002,Investigating the relationship between Cryptococcus fagisuga and Fagus grandifolia in Great Smoky Mountains National Park,,,,,,,,,,,,,,,,,,,,,,,,,,,,
AB_0329,Davis M.B. (1989). Lags in vegetation response to greenhouse warming,1989,Lags in vegetation response to greenhouse warming,,,,,,,,,,,,,,,,,,,,,,,,,,,,
AB_0330,Munck I.A.; Manion P.D. (2006). Landscape-level impact of beech bark disease in relation to slope and aspect in New York State,2006,Landscape-level impact of beech bark disease in relation to slope and aspect in New York State,,,,,,,,,,,,,,,,,,,,,,,,,,,,
AB_0331,Gravel D.; Beaudet M.; Messier C. (2010). Large-scale synchrony of gap dynamics and the distribution of understory tree species in maple-beech forests,2010,Large-scale synchrony of gap dynamics and the distribution of understory tree species in maple-beech forests,,,,,,,,,,,,,,,,,,,,,,,,,,,,
AB_0332,Clifford M.J.; Booth R.K. (2015). Late-Holocene drought and fire drove a widespread change in forest community composition in eastern North America,2015,Late-Holocene drought and fire drove a widespread change in forest community composition in eastern North America,,,,,,,,,,,,,,,,,,,,,,,,,,,,
AB_0333,Gunn J.S.; Ducey M.J.; Whitman A.A. (2014). Late-successional and old-growth forest carbon temporal dynamics in the Northern Forest (Northeastern USA),2014,Late-successional and old-growth forest carbon temporal dynamics in the Northern Forest (Northeastern USA),,,,,,,,,,,,,,,,,,,,,,,,,,,,
AB_0334,Bouman O.T. (2020). Leaf chlorophyll plasticity in advanced regeneration of co-occurring Acer pensylvanicum and Fagus grandifolia beneath deciduous forest canopy,2020,Leaf chlorophyll plasticity in advanced regeneration of co-occurring Acer pensylvanicum and Fagus grandifolia beneath deciduous forest canopy,,,,,,,,,,,,,,,,,,,,,,,,,,,,
AB_0335,Uzay Sezen U.; Shue J.E.; Worthy S.J.; Davies S.J.; McMahon S.M.; Swenson N.G. (2024). Leaf gene expression trajectories during the growing season are consistent between sites and years in American beech,2024,Leaf gene expression trajectories during the growing season are consistent between sites and years in American beech,,,,,,,,,,,,,,,,,,,,,,,,,,,,
AB_0336,"Gill D.S.; Amthor J.S.; Bormann F.H. (1998). Leaf phenology, photosynthesis, and the persistence of saplings and shrubs in a mature northern hardwood forest",1998,"Leaf phenology, photosynthesis, and the persistence of saplings and shrubs in a mature northern hardwood forest",,,,,,,,,,,,,,,,,,,,,,,,,,,,
AB_0337,"Beaudet M.; Messier C.; Hilbert D.W.; Lo E.; Wang Z.M.; Lechowicz M.J. (2000). Leaf- and plant-level carbon gain in yellow birch, sugar maple, and beech seedlings from contrasting forest light environments",2000,"Leaf- and plant-level carbon gain in yellow birch, sugar maple, and beech seedlings from contrasting forest light environments",,,,,,,,,,,,,,,,,,,,,,,,,,,,
AB_0338,Mourelle C.; Kellman M.; Kwon L. (2001). Light occlusion at forest edges: An analysis of tree architectural characteristics,2001,Light occlusion at forest edges: An analysis of tree architectural characteristics,,,,,,,,,,,,,,,,,,,,,,,,,,,,
AB_0339,Schimpf D.J.; Danz N.P. (1999). Light passage through leaf litter: Variation among northern hardwood trees,1999,Light passage through leaf litter: Variation among northern hardwood trees,,,,,,,,,,,,,,,,,,,,,,,,,,,,
AB_0340,Moore J.-D.; Ouimet R. (2025). Liming alone does not guarantee the success of sugar maple regeneration,2025,Liming alone does not guarantee the success of sugar maple regeneration,,,,,,,,,,,,,,,,,,,,,,,,,,,,
AB_0341,Nolet P.; Delagrange S.; Bannon K.; Messier C.; Kneeshaw D. (2015). Liming has a limited effect on sugar maple – American beech dynamics compared with beech sapling elimination and canopy opening,2015,Liming has a limited effect on sugar maple – American beech dynamics compared with beech sapling elimination and canopy opening,,,,,,,,,,,,,,,,,,,,,,,,,,,,
AB_0342,Hughes J.W.; Fahey T.J. (1994). Litterfall dynamics and ecosystem recovery during forest development,1994,Litterfall dynamics and ecosystem recovery during forest development,,,,,,,,,,,,,,,,,,,,,,,,,,,,
AB_0343,Fahey T.J.; Cleavitt N.L.; Battles J.J. (2022). Long term variation of leaf abundance in a northern hardwood forest,2022,Long term variation of leaf abundance in a northern hardwood forest,,,,,,,,,,,,,,,,,,,,,,,,,,,,
AB_0344,Woods K.D. (2000). Long-term change and spatial pattern in a late-successional hemlock-northern hardwood forest,2000,Long-term change and spatial pattern in a late-successional hemlock-northern hardwood forest,,,,,,,,,,,,,,,,,,,,,,,,,,,,
AB_0345,Lovett G.M.; Arthur M.A.; Weathers K.C.; Griffin J.M. (2010). Long-term Changes in Forest Carbon and Nitrogen Cycling Caused by an Introduced Pest/Pathogen Complex,2010,Long-term Changes in Forest Carbon and Nitrogen Cycling Caused by an Introduced Pest/Pathogen Complex,,,,,,,,,,,,,,,,,,,,,,,,,,,,
AB_0346,"Cleavitt N.L.; Battles J.J.; Johnson C.E.; Fahey T.J. (2018). Long-term decline of sugar maple following forest harvest, Hubbard Brook Experimental Forest, New Hampshire",2018,"Long-term decline of sugar maple following forest harvest, Hubbard Brook Experimental Forest, New Hampshire",,,,,,,,,,,,,,,,,,,,,,,,,,,,
AB_0347,Clark P.W.; D'Amato A.W. (2021). Long-term development of transition hardwood and Pinus strobus - Quercus mixedwood forests with implications for future adaptation and mitigation potential,2021,Long-term development of transition hardwood and Pinus strobus - Quercus mixedwood forests with implications for future adaptation and mitigation potential,,,,,,,,,,,,,,,,,,,,,,,,,,,,
AB_0348,Crowley K.F.; Lovett G.M.; Arthur M.A.; Weathers K.C. (2016). Long-term effects of pest-induced tree species change on carbon and nitrogen cycling in northeastern U.S. forests: A modeling analysis,2016,Long-term effects of pest-induced tree species change on carbon and nitrogen cycling in northeastern U.S. forests: A modeling analysis,,,,,,,,,,,,,,,,,,,,,,,,,,,,
AB_0349,Rogers N.S.; D’amato A.W.; Leak W.B. (2021). Long-term evolution of composition and structure after repeated group selection over eight decades,2021,Long-term evolution of composition and structure after repeated group selection over eight decades,,,,,,,,,,,,,,,,,,,,,,,,,,,,
AB_0350,Held M.; Jones-Held S. (2014). Long-term forest changes in Northeastern Pennsylvania,2014,Long-term forest changes in Northeastern Pennsylvania,,,,,,,,,,,,,,,,,,,,,,,,,,,,
AB_0351,"Loeb R.E. (1992). Long-term human disturbance of an urban park forest, New York City",1992,"Long-term human disturbance of an urban park forest, New York City",,,,,,,,,,,,,,,,,,,,,,,,,,,,
AB_0352,Long R.P.; Horsley S.B.; Hall T.J. (2011). Long-term impact of liming on growth and vigor of northern hardwoods,2011,Long-term impact of liming on growth and vigor of northern hardwoods,,,,,,,,,,,,,,,,,,,,,,,,,,,,
AB_0353,De Steven D.; Kline J.; Matthiae P.E. (1991). Long‐term changes in a Wisconsin Fagus‐Acer forest in relation to glaze storm disturbance,1991,Long‐term changes in a Wisconsin Fagus‐Acer forest in relation to glaze storm disturbance,,,,,,,,,,,,,,,,,,,,,,,,,,,,
AB_0354,Collin A.; Messier C.; Kembel S.W.; Bélanger N. (2017). Low light availability associated with American beech is the main factor for reduced sugar maple seedling survival and growth rates in a hardwood forest of Southern Quebec,2017,Low light availability associated with American beech is the main factor for reduced sugar maple seedling survival and growth rates in a hardwood forest of Southern Quebec,,,,,,,,,,,,,,,,,,,,,,,,,,,,
AB_0355,Flinn K.M.; Bly E.R.; Dickinson C.S. (2019). Major changes in tree community composition and structure over 86 years in an old-growth beech-maple-hemlock forest,2019,Major changes in tree community composition and structure over 86 years in an old-growth beech-maple-hemlock forest,,,,,,,,,,,,,,,,,,,,,,,,,,,,
AB_0356,Tozer D.C.; Burke D.M.; Nol E.; Elliott K.A. (2012). Managing ecological traps: Logging and sapsucker nest predation by bears,2012,Managing ecological traps: Logging and sapsucker nest predation by bears,,,,,,,,,,,,,,,,,,,,,,,,,,,,
AB_0357,Fajvan M.A.; Hille A.; Turcotte R.M. (2019). Managing understory fagus grandifolia for promoting beech bark disease resistance in Northern Hardwood Stands,2019,Managing understory fagus grandifolia for promoting beech bark disease resistance in Northern Hardwood Stands,,,,,,,,,,,,,,,,,,,,,,,,,,,,
AB_0358,Zhao Y.; Bonello P.; Liu D. (2023). Mapping the Environmental Risk of Beech Leaf Disease in the Northeastern United States,2023,Mapping the Environmental Risk of Beech Leaf Disease in the Northeastern United States,,,,,,,,,,,,,,,,,,,,,,,,,,,,
AB_0359,Jensen P.G.; Demers C.L.; McNulty S.A.; Jakubas W.J.; Humphries M.M. (2012). Marten and fisher responses to fluctuations in prey populations and mast crops in the northern hardwood forest,2012,Marten and fisher responses to fluctuations in prey populations and mast crops in the northern hardwood forest,,,,,,,,,,,,,,,,,,,,,,,,,,,,
AB_0360,Piovesan G.; Adams J.M. (2001). Masting behaviour in beech: Linking reproduction and climatic variation,2001,Masting behaviour in beech: Linking reproduction and climatic variation,,,,,,,,,,,,,,,,,,,,,,,,,,,,
AB_0361,Rodríguez-Ramírez E.C.; Camacho-Islas L.; Martínez-Falcón A.P.; Luna-Vega I.; Carbó-Ramírez P. (2021). Masting effect on alpha and beta avian diversity in fragmented forests of relict-endangered Mexican Beech (Fagus grandifolia subsp. mexicana),2021,Masting effect on alpha and beta avian diversity in fragmented forests of relict-endangered Mexican Beech (Fagus grandifolia subsp. mexicana),,,,,,,,,,,,,,,,,,,,,,,,,,,,
AB_0362,"Rodríguez-Ramírez E.C.; Williams-Linera G.; Díaz-Ávalos C.; Luna-Vega I. (2021). Masting effect on canopy greenness and climate response on seed production of Fagus grandifolia subsp. mexicana across the Sierra Madre Oriental, Mexico",2021,"Masting effect on canopy greenness and climate response on seed production of Fagus grandifolia subsp. mexicana across the Sierra Madre Oriental, Mexico",,,,,,,,,,,,,,,,,,,,,,,,,,,,
AB_0363,"Rogers R.S. (1981). Mature mesophytic hardwood forest: community transitions, by layer, from east-central Minnesota to southeastern Michigan.",1981,"Mature mesophytic hardwood forest: community transitions, by layer, from east-central Minnesota to southeastern Michigan.",,,,,,,,,,,,,,,,,,,,,,,,,,,,
AB_0364,Rumble L.; Taylor G.; Grinath J.B.; Morris A.B. (2020). Measuring spatial and temporal shifts in forest structure and composition in high elevation beech forests in response to beech bark disease in Great Smoky Mountains National Park,2020,Measuring spatial and temporal shifts in forest structure and composition in high elevation beech forests in response to beech bark disease in Great Smoky Mountains National Park,,,,,,,,,,,,,,,,,,,,,,,,,,,,
AB_0365,Bushey J.T.; Nallana A.G.; Montesdeoca M.R.; Driscoll C.T. (2008). Mercury dynamics of a northern hardwood canopy,2008,Mercury dynamics of a northern hardwood canopy,,,,,,,,,,,,,,,,,,,,,,,,,,,,
AB_0366,Babl-Plauche E.K.; Alexander H.D.; Siegert C.M.; Willis J.L.; Berry A.I. (2022). Mesophication of upland oak forests: Implications of species-specific differences in leaf litter decomposition rates and fuelbed composition,2022,Mesophication of upland oak forests: Implications of species-specific differences in leaf litter decomposition rates and fuelbed composition,,,,,,,,,,,,,,,,,,,,,,,,,,,,
AB_0367,Barker M.J.; Pijut P.M.; Ostry M.E.; Houston D.R. (1997). Micropropagation of juvenile and mature American beech,1997,Micropropagation of juvenile and mature American beech,,,,,,,,,,,,,,,,,,,,,,,,,,,,
AB_0368,"Ju L.-P.; Shih H.-C.; Chiang Y.-C. (2012). Microsatellite primers for the endangered beech tree, Fagus hayatae (Fagaceae)",2012,"Microsatellite primers for the endangered beech tree, Fagus hayatae (Fagaceae)",,,,,,,,,,,,,,,,,,,,,,,,,,,,
AB_0369,Caputo J.; Beier C.M.; Sullivan T.J.; Lawrence G.B. (2016). Modeled effects of soil acidification on long-term ecological and economic outcomes for managed forests in the Adirondack region (USA),2016,Modeled effects of soil acidification on long-term ecological and economic outcomes for managed forests in the Adirondack region (USA),,,,,,,,,,,,,,,,,,,,,,,,,,,,
AB_0370,"Henneb M.; Pelletier G.; Fortin M.; Thiffault N.; Giroux M.-A. (2021). Modeling tolerant hardwood sapling density and occurrence probability in the acadian forests of new brunswick, canada: Results 14 years after harvesting",2021,"Modeling tolerant hardwood sapling density and occurrence probability in the acadian forests of new brunswick, canada: Results 14 years after harvesting",,,,,,,,,,,,,,,,,,,,,,,,,,,,
AB_0371,Larocque G.R.; Archambault L.; Delisle C. (2006). Modelling forest succession in two southeastern Canadian mixedwood ecosystem types using the ZELIG model,2006,Modelling forest succession in two southeastern Canadian mixedwood ecosystem types using the ZELIG model,,,,,,,,,,,,,,,,,,,,,,,,,,,,
AB_0372,Lesser M.R.; Dovciak M.; Wheat R.; Curtis P.; Smallidge P.; Hurst J.; Kramer D.; Roberts M.; Frair J. (2019). Modelling white-tailed deer impacts on forest regeneration to inform deer management options at landscape scales,2019,Modelling white-tailed deer impacts on forest regeneration to inform deer management options at landscape scales,,,,,,,,,,,,,,,,,,,,,,,,,,,,
AB_0373,Gove J.H.; Houston D.R. (1996). Monitoring the growth of American beech affected by beech bark disease in Maine using the Kalman filter,1996,Monitoring the growth of American beech affected by beech bark disease in Maine using the Kalman filter,,,,,,,,,,,,,,,,,,,,,,,,,,,,
AB_0374,Herrera M.; Yu F.-Q.; Ramos-Rendón D.; Martínez-Reyes M.; Hernández-Santiago F.; Chater C.C.C.; Pérez-Moreno J. (2020). Morphoanatomical and phylogenetic characterization of the ectoMycorrhiza between Laccaria squarrosa with Pinus Pseudostrobus and its relevance for reforestation prograMs; [caracterización MorfoanatóMica y filogenética de la ectoMicorriza de Laccaria squarrosa con Pinus Pseudostrobus y su relevancia para prograMas de reforestación],2020,Morphoanatomical and phylogenetic characterization of the ectoMycorrhiza between Laccaria squarrosa with Pinus Pseudostrobus and its relevance for reforestation prograMs; [caracterización MorfoanatóMica y filogenética de la ectoMicorriza de Laccaria squarrosa con Pinus Pseudostrobus y su relevancia para prograMas de reforestación],,,,,,,,,,,,,,,,,,,,,,,,,,,,
AB_0375,Galván-Hernández D.M.; Octavio-Aguilar P.; Lazcano-Cruz L.; Sánchez-González A. (2021). Morphological and genetic differentiation in isolated populations of Mexican beech Fagus grandifolia subsp. mexicana,2021,Morphological and genetic differentiation in isolated populations of Mexican beech Fagus grandifolia subsp. mexicana,,,,,,,,,,,,,,,,,,,,,,,,,,,,
AB_0376,Garay-Serrano E.; Bandala V.M.; Montoya L. (2012). Morphological and molecular identification of the ectomycorrhizal association of Lactarius fumosibrunneus and Fagus grandifolia var. mexicana trees in eastern Mexico,2012,Morphological and molecular identification of the ectomycorrhizal association of Lactarius fumosibrunneus and Fagus grandifolia var. mexicana trees in eastern Mexico,,,,,,,,,,,,,,,,,,,,,,,,,,,,
AB_0377,"Forrester J.A.; Runkle J.R. (2000). Mortality and replacement patterns of an old-growth acer-fagus woods in the holden arboretum, northeastern Ohio",2000,"Mortality and replacement patterns of an old-growth acer-fagus woods in the holden arboretum, northeastern Ohio",,,,,,,,,,,,,,,,,,,,,,,,,,,,
AB_0378,Busby P.E.; Motzkin G.; Foster D.R. (2008). Multiple and interacting disturbances lead to Fagus grandifolia dominance in coastal New England,2008,Multiple and interacting disturbances lead to Fagus grandifolia dominance in coastal New England,,,,,,,,,,,,,,,,,,,,,,,,,,,,
AB_0379,Tourville J.C.; Horton T.R.; Dovciak M. (2024). Mycorrhizal fungi as critical biotic filters for tree seedling establishment during species range expansions,2024,Mycorrhizal fungi as critical biotic filters for tree seedling establishment during species range expansions,,,,,,,,,,,,,,,,,,,,,,,,,,,,
AB_0380,"Williams D.D.; MacKay S.E.; Verdonschot R.C.M.; Tacchino P.J.P. (2007). Natural and manipulated populations of the treehole mosquito, Ochlerotatus triseriatus, at its northernmost range limit in southern Ontario, Canada",2007,"Natural and manipulated populations of the treehole mosquito, Ochlerotatus triseriatus, at its northernmost range limit in southern Ontario, Canada",,,,,,,,,,,,,,,,,,,,,,,,,,,,
AB_0381,Murphy S.J.; McCarthy B.C. (2017). Neighborhood interactions and local edaphic gradients have a weak influence on long-term vegetation dynamics in an old-growth forest community,2017,Neighborhood interactions and local edaphic gradients have a weak influence on long-term vegetation dynamics in an old-growth forest community,,,,,,,,,,,,,,,,,,,,,,,,,,,,
AB_0382,Speiser R.; Bosakowski T. (1987). Nest site selection by northern goshawks in northern New Jersey and southeastern New York,1987,Nest site selection by northern goshawks in northern New Jersey and southeastern New York,,,,,,,,,,,,,,,,,,,,,,,,,,,,
AB_0383,Holloway G.L.; Malcolm J.R. (2007). Nest-tree use by northern and southern flying squirrels in central Ontario,2007,Nest-tree use by northern and southern flying squirrels in central Ontario,,,,,,,,,,,,,,,,,,,,,,,,,,,,
AB_0384,Cale J.A.; Teale S.A.; Johnston M.T.; Boyer G.L.; Perri K.A.; Castello J.D. (2015). New ecological and physiological dimensions of beech bark disease development in aftermath forests,2015,New ecological and physiological dimensions of beech bark disease development in aftermath forests,,,,,,,,,,,,,,,,,,,,,,,,,,,,
AB_0385,"Lovett G.M.; Arthur M.A.; Weathers K.C.; Fitzhugh R.D.; Templer P.H. (2013). Nitrogen Addition Increases Carbon Storage in Soils, But Not in Trees, in an Eastern U.S. Deciduous Forest",2013,"Nitrogen Addition Increases Carbon Storage in Soils, But Not in Trees, in an Eastern U.S. Deciduous Forest",,,,,,,,,,,,,,,,,,,,,,,,,,,,
AB_0386,Blumenthal N.M.; Stevens M.H.H.; Goswami S.; Yanai R.D.; Fahey T.J.; Fisk M.C. (2025). Nitrogen and phosphorus co-limitation of tree growth in northern hardwood forests,2025,Nitrogen and phosphorus co-limitation of tree growth in northern hardwood forests,,,,,,,,,,,,,,,,,,,,,,,,,,,,
AB_0387,"Templer P.H.; Dawson T.E. (2004). Nitrogen uptake by four tree species of the Catskill Mountains, New York: Implications for forest N dynamics",2004,"Nitrogen uptake by four tree species of the Catskill Mountains, New York: Implications for forest N dynamics",,,,,,,,,,,,,,,,,,,,,,,,,,,,
AB_0388,Bédard S.; Raymond P.; DeBlois J. (2022). Northern hardwood regeneration dynamics 10 years after irregular shelterwood and mechanical control of understory American beech,2022,Northern hardwood regeneration dynamics 10 years after irregular shelterwood and mechanical control of understory American beech,,,,,,,,,,,,,,,,,,,,,,,,,,,,
AB_0389,Cale J.A.; McNulty S.A. (2018). Not dead yet: Beech trees can survive nearly three decades in the aftermath phase of a deadly forest disease complex,2018,Not dead yet: Beech trees can survive nearly three decades in the aftermath phase of a deadly forest disease complex,,,,,,,,,,,,,,,,,,,,,,,,,,,,
AB_0390,Littleton J.; Rogers T.; Falcone D. (2005). Novel approaches to plant drug discovery based on high throughput pharmacological screening and genetic manipulation,2005,Novel approaches to plant drug discovery based on high throughput pharmacological screening and genetic manipulation,,,,,,,,,,,,,,,,,,,,,,,,,,,,
AB_0391,"Haney J.C. (1999). Numerical response of birds to an irruption of elm spanworm (Ennomos subsignatius [Hbn.]; Geometridae: Lepidoptera) in old-growth forest of the Appalachian Plateau, USA",1999,"Numerical response of birds to an irruption of elm spanworm (Ennomos subsignatius [Hbn.]; Geometridae: Lepidoptera) in old-growth forest of the Appalachian Plateau, USA",,,,,,,,,,,,,,,,,,,,,,,,,,,,
AB_0392,"Park B.B.; Yanai R.D. (2009). Nutrient concentrations in roots, leaves and wood of seedling and mature sugar maple and American beech at two contrasting sites",2009,"Nutrient concentrations in roots, leaves and wood of seedling and mature sugar maple and American beech at two contrasting sites",,,,,,,,,,,,,,,,,,,,,,,,,,,,
AB_0393,Lajtha K. (1994). Nutrient uptake in eastern deciduous tree seedlings,1994,Nutrient uptake in eastern deciduous tree seedlings,,,,,,,,,,,,,,,,,,,,,,,,,,,,
AB_0394,Moore N.B.; Stephens R.B.; Rowe R.J. (2022). Nutritional and environmental factors influence small mammal seed selection in a northern temperate forest,2022,Nutritional and environmental factors influence small mammal seed selection in a northern temperate forest,,,,,,,,,,,,,,,,,,,,,,,,,,,,
AB_0395,"Bose A.K.; Weiskittel A.; Wagner R.G. (2017). Occurrence, pattern of change, and factors associated with American beech-dominance in stands of the northeastern USA forest",2017,"Occurrence, pattern of change, and factors associated with American beech-dominance in stands of the northeastern USA forest",,,,,,,,,,,,,,,,,,,,,,,,,,,,
AB_0396,Copenheaver C.A. (2008). Old-field Succession in Western New York: The progression of forbs and woody species from abandonment to mature forest,2008,Old-field Succession in Western New York: The progression of forbs and woody species from abandonment to mature forest,,,,,,,,,,,,,,,,,,,,,,,,,,,,
AB_0397,Gauthier M.-M.; Guillemette F.; Bédard S. (2015). On the relationship between saplings and ingrowth in northern hardwood stands,2015,On the relationship between saplings and ingrowth in northern hardwood stands,,,,,,,,,,,,,,,,,,,,,,,,,,,,
AB_0398,Kobe R.K.; Iyer M.; Walters M.B. (2010). Optimal partitioning theory revisited: Nonstructural carbohydrates dominate root mass responses to nitrogen,2010,Optimal partitioning theory revisited: Nonstructural carbohydrates dominate root mass responses to nitrogen,,,,,,,,,,,,,,,,,,,,,,,,,,,,
AB_0399,"Johns R.C.; Kirichenko N.; Edwards S.; Grauby S.; Hughes C.; Beltrando K.; Morin B.; Owens E.; Sweeney J.; Van Rooyen K.; Kenis M. (2024). Orchestes fagi (L.), Beech Leaf-Mining Weevil/Charançon du hêtre (Coleoptera: Curculionidae)",2024,"Orchestes fagi (L.), Beech Leaf-Mining Weevil/Charançon du hêtre (Coleoptera: Curculionidae)",,,,,,,,,,,,,,,,,,,,,,,,,,,,
AB_0400,Tschaplinski T.J.; Gebre G.M.; Shirshac T.L. (1998). Osmotic potential of several hardwood species as affected by manipulation of throughfall precipitation in an upland oak forest during a dry year,1998,Osmotic potential of several hardwood species as affected by manipulation of throughfall precipitation in an upland oak forest during a dry year,,,,,,,,,,,,,,,,,,,,,,,,,,,,
AB_0401,Kain M.; Battaglia L.; Royo A.; Carson W.P. (2011). Over-browsing in Pennsylvania creates a depauperate forest dominated by an understory tree: Results from a 60-year-old deer exclosure,2011,Over-browsing in Pennsylvania creates a depauperate forest dominated by an understory tree: Results from a 60-year-old deer exclosure,,,,,,,,,,,,,,,,,,,,,,,,,,,,
AB_0402,Dracup E.C.; Maclean D.A. (2018). Partial harvest to reduce occurrence of American beech affected by beech bark disease: 10 year results,2018,Partial harvest to reduce occurrence of American beech affected by beech bark disease: 10 year results,,,,,,,,,,,,,,,,,,,,,,,,,,,,
AB_0403,Duchesne L.; Moore J.-D.; Ouimet R. (2013). Partitioning the Effect of Release and Liming on Growth of Sugar Maple and American Beech Saplings © 2013 by the Society of American Foresters,2013,Partitioning the Effect of Release and Liming on Growth of Sugar Maple and American Beech Saplings © 2013 by the Society of American Foresters,,,,,,,,,,,,,,,,,,,,,,,,,,,,
AB_0404,Gravel D.; Beaudet M.; Messier C. (2008). Partitioning the factors of spatial variation in regeneration density of shade-tolerant tree species,2008,Partitioning the factors of spatial variation in regeneration density of shade-tolerant tree species,,,,,,,,,,,,,,,,,,,,,,,,,,,,
AB_0405,"Morrison E.W.; Kasson M.T.; Heath J.J.; Garnas J.R. (2021). Pathogen and Endophyte Assemblages Co-vary With Beech Bark Disease Progression, Tree Decline, and Regional Climate",2021,"Pathogen and Endophyte Assemblages Co-vary With Beech Bark Disease Progression, Tree Decline, and Regional Climate",,,,,,,,,,,,,,,,,,,,,,,,,,,,
AB_0406,Held M.E. (1983). Pattern of beech regeneration in the east-central United States ( Fagus grandifolia).,1983,Pattern of beech regeneration in the east-central United States ( Fagus grandifolia).,,,,,,,,,,,,,,,,,,,,,,,,,,,,
AB_0407,"Pardo L.H.; Semaoune P.; Schaberg P.G.; Eagar C.; Sebilo M. (2013). Patterns in δ15N in roots, stems, and leaves of sugar maple and American beech seedlings, saplings, and mature trees",2013,"Patterns in δ15N in roots, stems, and leaves of sugar maple and American beech seedlings, saplings, and mature trees",,,,,,,,,,,,,,,,,,,,,,,,,,,,
AB_0408,Gora E.M.; Battaglia L.L.; Schumacher H.B.; Carson W.P. (2014). Patterns of coarse woody debris volume among 18 late-successional and mature forest stands in Pennsylvania,2014,Patterns of coarse woody debris volume among 18 late-successional and mature forest stands in Pennsylvania,,,,,,,,,,,,,,,,,,,,,,,,,,,,
AB_0409,Ray D.G.; Nyland R.D.; Yanai R.D. (1999). Patterns of early cohort development following shelterwood cutting in three Adirondack northern hardwood stands,1999,Patterns of early cohort development following shelterwood cutting in three Adirondack northern hardwood stands,,,,,,,,,,,,,,,,,,,,,,,,,,,,
AB_0410,Tourville J.C.; Dovciak M. (2025). Patterns of Herbivory and Resource Utilization of Tree Seedlings Along an Altitudinal Gradient,2025,Patterns of Herbivory and Resource Utilization of Tree Seedlings Along an Altitudinal Gradient,,,,,,,,,,,,,,,,,,,,,,,,,,,,
AB_0411,Peterjohn W.T.; Foster C.J.; Christ M.J.; Adams M.B. (1999). Patterns of nitrogen availability within a forested watershed exhibiting symptoms of nitrogen saturation,1999,Patterns of nitrogen availability within a forested watershed exhibiting symptoms of nitrogen saturation,,,,,,,,,,,,,,,,,,,,,,,,,,,,
AB_0412,Rooney T.P.; Dress W.J. (1997). Patterns of plant diversity in overbrowsed primary and mature secondary hemlock-northern hardwood forest stands,1997,Patterns of plant diversity in overbrowsed primary and mature secondary hemlock-northern hardwood forest stands,,,,,,,,,,,,,,,,,,,,,,,,,,,,
AB_0413,Parker R.P.; Hart J.L. (2014). Patterns of riparian and in-stream large woody debris across a chronosequence of southern appalachian hardwood stands,2014,Patterns of riparian and in-stream large woody debris across a chronosequence of southern appalachian hardwood stands,,,,,,,,,,,,,,,,,,,,,,,,,,,,
AB_0414,Woods K.D. (1984). Patterns of tree replacement: canopy effects on understory pattern in hemlock-northern hardwood forests,1984,Patterns of tree replacement: canopy effects on understory pattern in hemlock-northern hardwood forests,,,,,,,,,,,,,,,,,,,,,,,,,,,,
AB_0415,Almany G.R.; De Arruda M.P.; Arthofer W.; Atallah Z.K.; Beissinger S.R.; Berumen M.L.; Bogdanowicz S.M.; Brown S.D.; Bruford M.W.; Burdine C.; Busch J.W.; Campbell N.R.; Carey D.; Carstens B.C.; Chu K.H.; Cubeta M.A.; Cuda J.P.; Cui Z.; Datnoff L.E.; DÁvila J.A.; Davis E.S.; Davis R.M.; Diekmann O.E.; Eizirik E.; Fargallo J.A.; Fernandes F.; Fukuda H.; Gale L.R.; Gallagher E.; Gao Y.; Girard P.; Godhe A.; GonÇalves E.C.; Gouveia L.; Grajczyk A.M.; Grose M.J.; Gu Z.; HalldÉn C.; HÄrnstrÖm K.; Hemmingsen A.H.; Holmes G.; Huang C.H.; Huang C.-C.; Hudman S.P.; Jones G.P.; Kanetis L.; Karunasagar I.; Karunasagar I.; Keyghobadi N.; Klosterman S.J.; Klug P.E.; Koch J.; Koopman M.M.; KÖppler K.; Koshimizu E.; KrumbÖck S.; Kubisiak T.; Landis J.B.; Lasta M.L.; Lee C.-Y.; Li Q.; Li S.-H.; Lin R.-C.; Liu M.; Liu N.; Liu W.C.; Liu Y.; Loiseau A.; Luan W.; Maruthachalam K.K.; McCormick H.M.; Mellick R.; Monnahan P.J.; Morielle-Versute E.; Murray T.E.; Narum S.R.; Neufeld K.; De Nova P.J.G.; Ojiambo P.S.; Okamoto N.; Othman A.S.; Overholt W.A.; Pardini R.; Paterson I.G.; Patty O.A.; Paxton R.J.; Planes S.; Porter C.; Pratchett M.S.; PÜttker T.; Rasic G.; Rasool B.; Rey O.; Riegler M.; Riehl C.; Roberts J.M.K.; Roberts P.D.; Rochel E.; Roe K.J.; Rossetto M.; Ruzzante D.E.; Sakamoto T.; Saravanan V.; Sarturi C.R.; Schmidt A.; Schneider M.P.C.; Schuler H.; Serb J.M.; SerrÃo E.T.A.; Shi Y.; Silva A.; Sin Y.W.; Sommer S.; Stauffer C.; StrÜssmann C.A.; Subbarao K.V.; Syms C.; Tan F.; Tejedor E.D.; Thorrold S.R.; Trigiano R.N.; Trucco M.I.; Tsuchiya-Jerep M.T.N.; Vergara P.; Van De Vliet M.S.; Wadl P.A.; Wang A.; Wang H.; Wang R.X.; Wang X.; Wang Y.; Weeks A.R.; Wei F.; Werner W.J.; Wiley E.O.; Williams D.A.; Wilkins R.J.; Wisely S.M.; With K.A.; Wu D.; Yao C.-T.; Yau C.; Yeap B.-K.; Zhai B.-P.; Zhan X.; Zhang G.-Y.; Zhang S.Y.; Zhao R.; Zhu L. (2009). Permanent genetic resources added to molecular ecology resources database 1 May 2009-31 July 2009,2009,Permanent genetic resources added to molecular ecology resources database 1 May 2009-31 July 2009,,,,,,,,,,,,,,,,,,,,,,,,,,,,
AB_0416,Schedlbauer J.L.; Paynter S. (2025). Photosynthetic induction and sunfleck responses of three understory tree species in forests of the Mid-Atlantic U.S,2025,Photosynthetic induction and sunfleck responses of three understory tree species in forests of the Mid-Atlantic U.S,,,,,,,,,,,,,,,,,,,,,,,,,,,,
AB_0417,Sefcik L.T.; Zak D.R.; Ellsworth D.S. (2006). Photosynthetic responses to understory shade and elevated carbon dioxide concentration in four northern hardwood tree species,2006,Photosynthetic responses to understory shade and elevated carbon dioxide concentration in four northern hardwood tree species,,,,,,,,,,,,,,,,,,,,,,,,,,,,
AB_0418,McIntire C.D. (2023). Physiological impacts of beech leaf disease across a gradient of symptom severity among understory American beech,2023,Physiological impacts of beech leaf disease across a gradient of symptom severity among understory American beech,,,,,,,,,,,,,,,,,,,,,,,,,,,,
AB_0419,Hane E.N.; Hamburg S.P.; Barber A.L.; Plaut J.A. (2003). Phytotoxicity of American beech leaf leachate to sugar maple seedlings in a greenhouse experiment,2003,Phytotoxicity of American beech leaf leachate to sugar maple seedlings in a greenhouse experiment,,,,,,,,,,,,,,,,,,,,,,,,,,,,
AB_0420,"Ramirez S.B.; Dobson F.S.; Steury T.D. (2025). Pilferage risk and selective pilfering of scatterhoarded food in Auburn, Alabama, United States",2025,"Pilferage risk and selective pilfering of scatterhoarded food in Auburn, Alabama, United States",,,,,,,,,,,,,,,,,,,,,,,,,,,,
AB_0421,Carson W.P.; Banta J.A.; Royo A.A.; Kirschbaum C. (2005). Plant communities growing on boulders in the allegheny national forest: Evidence for boulders as refugia from deer and as a bioassay of overbrowsing,2005,Plant communities growing on boulders in the allegheny national forest: Evidence for boulders as refugia from deer and as a bioassay of overbrowsing,,,,,,,,,,,,,,,,,,,,,,,,,,,,
AB_0422,"Payne J.L.; Young D.R.; Pagels J.F. (1989). Plant community characteristics associated with the endangered northern flying squirrel, Glaucomys sabrinus, in the southern Appalachians",1989,"Plant community characteristics associated with the endangered northern flying squirrel, Glaucomys sabrinus, in the southern Appalachians",,,,,,,,,,,,,,,,,,,,,,,,,,,,
AB_0423,"Beaudet M.; Messier C.; Paré D.; Brisson J.; Bergeron Y. (1999). Possible mechanisms of sugar maple regeneration failure and replacement by beech in the Boise-des-Muir old-growth forest, Quebec",1999,"Possible mechanisms of sugar maple regeneration failure and replacement by beech in the Boise-des-Muir old-growth forest, Quebec",,,,,,,,,,,,,,,,,,,,,,,,,,,,
AB_0424,"Jha S.; Harcombe P.A.; Fulton M.R.; Elsik I.S. (2004). Potential causes of a decline in American beech (Fagus grandifolia ehrh.) in wier woods, Texas",2004,"Potential causes of a decline in American beech (Fagus grandifolia ehrh.) in wier woods, Texas",,,,,,,,,,,,,,,,,,,,,,,,,,,,
AB_0425,Zarri E.; Eichholz M.W.; Sierzega K.P. (2020). Potential influences of forest mesophication on corticolous arthropods as a food base for insectivores in eastern deciduous forests,2020,Potential influences of forest mesophication on corticolous arthropods as a food base for insectivores in eastern deciduous forests,,,,,,,,,,,,,,,,,,,,,,,,,,,,
AB_0426,Tozer D.C.; Nol E.; Burke D.M.; Elliott K.A.; Falk K.J. (2009). Predation by bears on woodpecker nests: Are nestling begging and habitat choice risky business?,2009,Predation by bears on woodpecker nests: Are nestling begging and habitat choice risky business?,,,,,,,,,,,,,,,,,,,,,,,,,,,,
AB_0427,"Woods K.D. (2007). Predictability, contingency, and convergence in late succession: Slow systems and complex data-sets",2007,"Predictability, contingency, and convergence in late succession: Slow systems and complex data-sets",,,,,,,,,,,,,,,,,,,,,,,,,,,,
AB_0428,Costello C.M.; Sage Jr. R.W. (1999). Predicting black bear habitat selection from food abundance and forest management systems,1999,Predicting black bear habitat selection from food abundance and forest management systems,,,,,,,,,,,,,,,,,,,,,,,,,,,,
AB_0429,Costello C.M.; Sage Jr. R.W. (1999). Predicting black bear habitat selection from food abundance under 3 forest management systems,1999,Predicting black bear habitat selection from food abundance under 3 forest management systems,,,,,,,,,,,,,,,,,,,,,,,,,,,,
AB_0430,Bédard S.; Duchesne I.; Guillemette F.; Deblois J. (2018). Predicting volume distributions of hardwood sawn products by tree grade in eastern Canada,2018,Predicting volume distributions of hardwood sawn products by tree grade in eastern Canada,,,,,,,,,,,,,,,,,,,,,,,,,,,,
AB_0431,"Moore D.B.; Gutierrez Lopez J.; Vadeboncoeur M.A.; Asbjornsen H. (2025). Predicting winter-dormant-season sap flow in deciduous, woody eudicots with wood temperature",2025,"Predicting winter-dormant-season sap flow in deciduous, woody eudicots with wood temperature",,,,,,,,,,,,,,,,,,,,,,,,,,,,
AB_0432,"Beaudet M.; Messier C.; Canham C.D. (2002). Predictions of understorey light conditions in northern hardwood forests following parameterization, sensitivity analysis, and tests of the SORTIE light model",2002,"Predictions of understorey light conditions in northern hardwood forests following parameterization, sensitivity analysis, and tests of the SORTIE light model",,,,,,,,,,,,,,,,,,,,,,,,,,,,
AB_0433,Kochenderfer J.D.; Kochenderfer J.N.; Warner D.A.; Miller G.W. (2004). Preharvest manual herbicide treatments for controlling American Beech in Central West Virginia,2004,Preharvest manual herbicide treatments for controlling American Beech in Central West Virginia,,,,,,,,,,,,,,,,,,,,,,,,,,,,
AB_0434,Izbicki B.J.; Alexander H.D.; Paulson A.K.; Frey B.R.; McEwan R.W.; Berry A.I. (2020). Prescribed fire and natural canopy gap disturbances: Impacts on upland oak regeneration,2020,Prescribed fire and natural canopy gap disturbances: Impacts on upland oak regeneration,,,,,,,,,,,,,,,,,,,,,,,,,,,,
AB_0435,Duchesne L.; Ouimet R. (2009). Present-day expansion of American beech in northeastern hardwood forests: Does soil base status matter?,2009,Present-day expansion of American beech in northeastern hardwood forests: Does soil base status matter?,,,,,,,,,,,,,,,,,,,,,,,,,,,,
AB_0436,Suffling R.; Evans M.; Perera A. (2003). Presettlement forest in southern Ontario: Ecosystems measured through a cultural prism,2003,Presettlement forest in southern Ontario: Ecosystems measured through a cultural prism,,,,,,,,,,,,,,,,,,,,,,,,,,,,
AB_0437,"Delcourt H.R.; Delcourt P.A. (1977). Presettlement magnolia-beech climax of the gulf coastal plain: Quantitative evidence from the Apalachicola river bluffs, north-central Florida",1977,"Presettlement magnolia-beech climax of the gulf coastal plain: Quantitative evidence from the Apalachicola river bluffs, north-central Florida",,,,,,,,,,,,,,,,,,,,,,,,,,,,
AB_0438,"Flinn K.M.; Litwinowicz Z.; Mahany T.P.; Watling J.I. (2025). Presettlement Tree Distributions and Forest Types of Northeast Ohio, USA, Mapped With Species Distribution Models",2025,"Presettlement Tree Distributions and Forest Types of Northeast Ohio, USA, Mapped With Species Distribution Models",,,,,,,,,,,,,,,,,,,,,,,,,,,,
AB_0439,Solarik K.A.; Cazelles K.; Messier C.; Bergeron Y.; Gravel D. (2020). Priority effects will impede range shifts of temperate tree species into the boreal forest,2020,Priority effects will impede range shifts of temperate tree species into the boreal forest,,,,,,,,,,,,,,,,,,,,,,,,,,,,
AB_0440,Stephens R.B.; Hobbie E.A.; Lee T.D.; Rowe R.J. (2019). Pulsed resource availability changes dietary niche breadth and partitioning between generalist rodent consumers,2019,Pulsed resource availability changes dietary niche breadth and partitioning between generalist rodent consumers,,,,,,,,,,,,,,,,,,,,,,,,,,,,
AB_0441,Takahashi K.; Arii K.; Lechowicz M.J. (2007). Quantitative and qualitative effects of a severe ice storm on an old-growth beech-maple forest,2007,Quantitative and qualitative effects of a severe ice storm on an old-growth beech-maple forest,,,,,,,,,,,,,,,,,,,,,,,,,,,,
AB_0442,"Teale S.A.; Letkowski S.; Matusick G.; Stehman S.V.; Castello J.D. (2009). Quantitative, nondestructive assessment of beech scale (Hemiptera: Cryptococcidae) density using digital image analysis of wax masses",2009,"Quantitative, nondestructive assessment of beech scale (Hemiptera: Cryptococcidae) density using digital image analysis of wax masses",,,,,,,,,,,,,,,,,,,,,,,,,,,,
AB_0443,Kribel J.R.G.; Kolman K.B.; Ware S. (2011). Rapid change in sapling and seedling layers in an otherwise stable hardwood forest: An effect of deer browsing,2011,Rapid change in sapling and seedling layers in an otherwise stable hardwood forest: An effect of deer browsing,,,,,,,,,,,,,,,,,,,,,,,,,,,,
AB_0444,Fahey T.J. (1998). Recent changes in an upland forest in south-central New York,1998,Recent changes in an upland forest in south-central New York,,,,,,,,,,,,,,,,,,,,,,,,,,,,
AB_0445,McLachlan J.S.; Clark J.S. (2004). Reconstructing historical ranges with fossil data at continental scales,2004,Reconstructing historical ranges with fossil data at continental scales,,,,,,,,,,,,,,,,,,,,,,,,,,,,
AB_0446,"Asnani K.M.; Klips R.A.; Curtis P.S. (2006). Regeneration of woodland vegetation after deer browsing in Sharon Woods Metro Park, Franklin County, Ohio",2006,"Regeneration of woodland vegetation after deer browsing in Sharon Woods Metro Park, Franklin County, Ohio",,,,,,,,,,,,,,,,,,,,,,,,,,,,
AB_0447,Gottesman A.J.; Keeton W.S. (2017). Regeneration responses to management for old-growth characteristics in northern hardwood-conifer forests,2017,Regeneration responses to management for old-growth characteristics in northern hardwood-conifer forests,,,,,,,,,,,,,,,,,,,,,,,,,,,,
AB_0448,Houle G. (1991). Regenerative traits of tree species in a deciduous forest of northeastern North America,1991,Regenerative traits of tree species in a deciduous forest of northeastern North America,,,,,,,,,,,,,,,,,,,,,,,,,,,,
AB_0449,"Kitamura K.; Kawano S. (2001). Regional differentiation in genetic components for the American beech, Fagus grandifolia Ehrh., in relation to geological history and mode of reproduction",2001,"Regional differentiation in genetic components for the American beech, Fagus grandifolia Ehrh., in relation to geological history and mode of reproduction",,,,,,,,,,,,,,,,,,,,,,,,,,,,
AB_0450,Bouman O.T.; Frisch C.; Kubiniok J. (2019). Regional differentiation of foliar N/Ca in Fagus americana and F. sylvatica on acid soils,2019,Regional differentiation of foliar N/Ca in Fagus americana and F. sylvatica on acid soils,,,,,,,,,,,,,,,,,,,,,,,,,,,,
AB_0451,Bédard S.; Guillemette F.; Raymond P.; Tremblay S.; Larouche C.; De Blois J. (2014). Rehabilitation of northern hardwood stands using multicohort silvicultural scenarios in Québec,2014,Rehabilitation of northern hardwood stands using multicohort silvicultural scenarios in Québec,,,,,,,,,,,,,,,,,,,,,,,,,,,,
AB_0452,Nolet P.; Bouffard D.; Doyon F.; Delagrange S. (2008). Relationship between canopy disturbance history and current sapling density of Fagus grandifolia and Acer saccharum in a northern hardwood landscape,2008,Relationship between canopy disturbance history and current sapling density of Fagus grandifolia and Acer saccharum in a northern hardwood landscape,,,,,,,,,,,,,,,,,,,,,,,,,,,,
AB_0453,Ouimet R.; Duchesne L.; Moore J.-D. (2015). Relationship between foliar composition and the presence of beech bark disease in plots of the Quebec Forest Ecosystems Study and Monitoring Network; [Relation entre la composition foliaire et la présence de la maladie corticale du hêtre dans les stations du Réseau d'étude et de surveillance des écosystèmes forestiers du Québec],2015,Relationship between foliar composition and the presence of beech bark disease in plots of the Quebec Forest Ecosystems Study and Monitoring Network; [Relation entre la composition foliaire et la présence de la maladie corticale du hêtre dans les stations du Réseau d'étude et de surveillance des écosystèmes forestiers du Québec],,,,,,,,,,,,,,,,,,,,,,,,,,,,
AB_0454,Rodríguez-Ramírez E.Ch.; Sánchez-González A.; Ángeles-Pérez G. (2018). Relationship between vegetation structure and microenvironment in Fagus grandifolia subsp. mexicana forest relicts in Mexico,2018,Relationship between vegetation structure and microenvironment in Fagus grandifolia subsp. mexicana forest relicts in Mexico,,,,,,,,,,,,,,,,,,,,,,,,,,,,
AB_0455,"Kasson M.T.; Livingston W.H. (2012). Relationships among beech bark disease, climate, radial growth response and mortality of American beech in northern Maine, USA",2012,"Relationships among beech bark disease, climate, radial growth response and mortality of American beech in northern Maine, USA",,,,,,,,,,,,,,,,,,,,,,,,,,,,
AB_0456,"Pregitzer K.S.; Kubiske M.E.; Yu C.K.; Hendrick R.L. (1997). Relationships among root branch order, carbon, and nitrogen in four temperate species",1997,"Relationships among root branch order, carbon, and nitrogen in four temperate species",,,,,,,,,,,,,,,,,,,,,,,,,,,,
AB_0457,"Edwards S.; Brodersen G.; Hughes C.; Moore K.; Morin B.; Morrison A.; Owens E.; Sweeney J.; Johns R.C. (2022). Relationships between pest density and associated leaf necrosis for an invasive leaf-mining weevil, Orchestes fagi, on American beech (Fagus grandifolia)",2022,"Relationships between pest density and associated leaf necrosis for an invasive leaf-mining weevil, Orchestes fagi, on American beech (Fagus grandifolia)",,,,,,,,,,,,,,,,,,,,,,,,,,,,
AB_0458,"Poulson T.L.; Platt W.J. (1996). Replacement patterns of beech and sugar maple in warren woods, Michigan",1996,"Replacement patterns of beech and sugar maple in warren woods, Michigan",,,,,,,,,,,,,,,,,,,,,,,,,,,,
AB_0459,Kizha A.R.; Nahor E.; Coogen N.; Louis L.T.; George A.K. (2021). Residual stand damage under different harvesting methods and mitigation strategies,2021,Residual stand damage under different harvesting methods and mitigation strategies,,,,,,,,,,,,,,,,,,,,,,,,,,,,
AB_0460,Stauder C.M.; Utano N.M.; Kasson M.T. (2020). Resolving host and species boundaries for perithecia-producing nectriaceous fungi across the central Appalachian Mountains,2020,Resolving host and species boundaries for perithecia-producing nectriaceous fungi across the central Appalachian Mountains,,,,,,,,,,,,,,,,,,,,,,,,,,,,
AB_0461,Stephens R.B.; Willems J.S.; Yamasaki M.; Costello C.A.; Rowe R.J. (2024). Resource availability alters breeding strategies in a small mammal community,2024,Resource availability alters breeding strategies in a small mammal community,,,,,,,,,,,,,,,,,,,,,,,,,,,,
AB_0462,Jones R.H.; Nyland R.D.; Raynal D.J. (1989). Response of American beech regeneration to selection cutting of northern hardwoods in New York,1989,Response of American beech regeneration to selection cutting of northern hardwoods in New York,,,,,,,,,,,,,,,,,,,,,,,,,,,,
AB_0463,Hurd T.M.; Brach A.R.; Raynal D.J. (1998). Response of understory vegetation of Adirondack forests to nitrogen additions,1998,Response of understory vegetation of Adirondack forests to nitrogen additions,,,,,,,,,,,,,,,,,,,,,,,,,,,,
AB_0464,Duffy P.J.; Jacobs D.F.; Kabrick J.M.; Thornton C.D.; Swaim J.T.; Jenkins M.A. (2024). Response of understory vegetation to long-term occupancy by introduced Pinus species in temperate deciduous hardwood forests,2024,Response of understory vegetation to long-term occupancy by introduced Pinus species in temperate deciduous hardwood forests,,,,,,,,,,,,,,,,,,,,,,,,,,,,
AB_0465,Gess S.W.; Ellington E.H.; Dzialak M.R.; Duchamp J.E.; Lovallo M.; Larkin J.L. (2013). Rest-site selection by fishers (Martes pennanti) in the eastern deciduous forest,2013,Rest-site selection by fishers (Martes pennanti) in the eastern deciduous forest,,,,,,,,,,,,,,,,,,,,,,,,,,,,
AB_0466,"Muñiz-Castro M.-A.; Williams-Linera G.; Benítez-Malvido J. (2015). Restoring montane cloud forest: Establishment of three fagaceae species in the old fields of central Veracruz, Mexico",2015,"Restoring montane cloud forest: Establishment of three fagaceae species in the old fields of central Veracruz, Mexico",,,,,,,,,,,,,,,,,,,,,,,,,,,,
AB_0467,Vander Yacht A.L.; Keyser P.D.; Barrioz S.A.; Kwit C.; Stambaugh M.C.; Clatterbuck W.K.; Simon D.M. (2019). Reversing Mesophication Effects on Understory Woody Vegetation in Mid-Southern Oak Forests,2019,Reversing Mesophication Effects on Understory Woody Vegetation in Mid-Southern Oak Forests,,,,,,,,,,,,,,,,,,,,,,,,,,,,
AB_0468,Fahey T.J.; Hughes J.W.; Pu M.; Arthur M.A. (1988). Root decomposition and nutrient flux following whole-tree harvest of northern hardwood forest,1988,Root decomposition and nutrient flux following whole-tree harvest of northern hardwood forest,,,,,,,,,,,,,,,,,,,,,,,,,,,,
AB_0469,"Jones R.H.; Raynal D.J. (1988). Root sprouting in American beech (Fagus grandifolia): Effects of root injury, root exposure, and season",1988,"Root sprouting in American beech (Fagus grandifolia): Effects of root injury, root exposure, and season",,,,,,,,,,,,,,,,,,,,,,,,,,,,
AB_0470,Tirpak J.M.; Giuliano W.M.; Allan Miller C.; Allen T.J.; Bittner S.; Buehler D.A.; Edwards J.W.; Harper C.A.; Igo W.K.; Norman G.W.; Seamster M.; Stauffer D.F. (2006). Ruffed grouse population dynamics in the central and southern Appalachians,2006,Ruffed grouse population dynamics in the central and southern Appalachians,,,,,,,,,,,,,,,,,,,,,,,,,,,,
AB_0471,Gravel D.; Beaudet M.; Messier C. (2011). Sapling age structure and growth series reveal a shift in recruitment dynamics of sugar maple and American beech over the last 40 years,2011,Sapling age structure and growth series reveal a shift in recruitment dynamics of sugar maple and American beech over the last 40 years,,,,,,,,,,,,,,,,,,,,,,,,,,,,
AB_0472,Hart J.L.; Kupfer J.A. (2011). Sapling richness and composition in canopy gaps of a southern Appalachian mixed Quercus forest,2011,Sapling richness and composition in canopy gaps of a southern Appalachian mixed Quercus forest,,,,,,,,,,,,,,,,,,,,,,,,,,,,
AB_0473,"Cale J.A.; Ashby A.W.; West J.L.; Teale S.A.; Johnston M.T.; Castello J.D. (2015). Scale insects, decay and canker fungi in American beech",2015,"Scale insects, decay and canker fungi in American beech",,,,,,,,,,,,,,,,,,,,,,,,,,,,
AB_0474,"Liu H. (2020). Seasonal development, cumulative growing degree-days, and population density of spotted lanternfly (Hemiptera: Fulgoridae) on selected hosts and substrates",2020,"Seasonal development, cumulative growing degree-days, and population density of spotted lanternfly (Hemiptera: Fulgoridae) on selected hosts and substrates",,,,,,,,,,,,,,,,,,,,,,,,,,,,
AB_0475,Tremblay N.O.; Larocque G.R. (2001). Seasonal dynamics of understory vegetation in four eastern Canadian forest types,2001,Seasonal dynamics of understory vegetation in four eastern Canadian forest types,,,,,,,,,,,,,,,,,,,,,,,,,,,,
AB_0476,Jurik T.W. (1986). Seasonal patterns of leaf photosynthetic capacity in successional northern hardwood tree species.,1986,Seasonal patterns of leaf photosynthetic capacity in successional northern hardwood tree species.,,,,,,,,,,,,,,,,,,,,,,,,,,,,
AB_0477,"Brisson J.; Bergeron Y.; Bouchard A. (1988). Secondary succession on mesic sites in the upper St. Lawrence River, Quebec, Canada; [Les successions secondaires sur sites mesiques dans le Haut-Saint- Laurent, Quebec, Canada]",1988,"Secondary succession on mesic sites in the upper St. Lawrence River, Quebec, Canada; [Les successions secondaires sur sites mesiques dans le Haut-Saint- Laurent, Quebec, Canada]",,,,,,,,,,,,,,,,,,,,,,,,,,,,
AB_0478,"Clebsch E.E.C.; Busing R.T. (1989). Secondary succession, gap dynamics, and community structure in a southern Appalachian cove forest",1989,"Secondary succession, gap dynamics, and community structure in a southern Appalachian cove forest",,,,,,,,,,,,,,,,,,,,,,,,,,,,
AB_0479,Lanni F.; Connolly B.M.; Orrock J.L.; Guiden P.W. (2024). Seed coatings containing capsaicin reduce seed removal in temperate woody species,2024,Seed coatings containing capsaicin reduce seed removal in temperate woody species,,,,,,,,,,,,,,,,,,,,,,,,,,,,
AB_0480,McEuen A.B.; Curran L.M. (2004). Seed dispersal and recruitment limitation across spatial scales in temperate forest fragments,2004,Seed dispersal and recruitment limitation across spatial scales in temperate forest fragments,,,,,,,,,,,,,,,,,,,,,,,,,,,,
AB_0481,"Cleavitt N.L.; Fahey T.J. (2017). Seed production of sugar maple and American beech in northern hardwood forests, New Hampshire, USA",2017,"Seed production of sugar maple and American beech in northern hardwood forests, New Hampshire, USA",,,,,,,,,,,,,,,,,,,,,,,,,,,,
AB_0482,"Godínez-Ibarra O.; Ángeles-Pérez G.; López-Mata L.; García-Moya E.; Valdez-Hernández J.I.; De Los Santos-Posadas H.; Trinidad-Santos A. (2007). Seed rain and seedling emergence of Fagus grandifolia subsp. mexicana at La Mojonera, Hidalgo, Mexico; [Lluvia de semillas y emergencia de plántulas de Fagus grandifolia subsp. mexicana en La Mojonera, Hidalgo, México]",2007,"Seed rain and seedling emergence of Fagus grandifolia subsp. mexicana at La Mojonera, Hidalgo, Mexico; [Lluvia de semillas y emergencia de plántulas de Fagus grandifolia subsp. mexicana en La Mojonera, Hidalgo, México]",,,,,,,,,,,,,,,,,,,,,,,,,,,,
AB_0483,Burt A.; Bell G. (1991). Seed reproduction is associated with a transient escape from parasite damage in American beech,1991,Seed reproduction is associated with a transient escape from parasite damage in American beech,,,,,,,,,,,,,,,,,,,,,,,,,,,,
AB_0484,Alvarez-Aquino C.; Williams-Linera G. (2002). Seedling bank dynamics of Fagus grandifolia var. mexicana before and after a mast year in a Mexican cloud forest,2002,Seedling bank dynamics of Fagus grandifolia var. mexicana before and after a mast year in a Mexican cloud forest,,,,,,,,,,,,,,,,,,,,,,,,,,,,
AB_0485,Caspersen J.P.; Saprunoff M. (2005). Seedling recruitment in a northern temperate forest: The relative importance of supply and establishment limitation,2005,Seedling recruitment in a northern temperate forest: The relative importance of supply and establishment limitation,,,,,,,,,,,,,,,,,,,,,,,,,,,,
AB_0486,Sefcik L.T.; Zak D.R.; Ellsworth D.S. (2007). Seedling survival in a northern temperate forest understory is increased by elevated atmospheric carbon dioxide and atmospheric nitrogen deposition,2007,Seedling survival in a northern temperate forest understory is increased by elevated atmospheric carbon dioxide and atmospheric nitrogen deposition,,,,,,,,,,,,,,,,,,,,,,,,,,,,
AB_0487,"Stewart B.J.; Neily P.D.; Quigley E.J.; Duke A.P.; Benjamin L.K. (2003). Selected Nova Scotia old-growth forests: Age, ecology, structure, scoring",2003,"Selected Nova Scotia old-growth forests: Age, ecology, structure, scoring",,,,,,,,,,,,,,,,,,,,,,,,,,,,
AB_0488,MacFarlane D.W.; Kobe R.K. (2006). Selecting models for capturing tree-size effects on growth-resource relationships,2006,Selecting models for capturing tree-size effects on growth-resource relationships,,,,,,,,,,,,,,,,,,,,,,,,,,,,
AB_0489,Ledgerwood E.D.; Luscier J.D. (2025). Seroprevalence of Toxoplasma gondii in White-Tailed Deer (Odocoileus virginianus) in New York State,2025,Seroprevalence of Toxoplasma gondii in White-Tailed Deer (Odocoileus virginianus) in New York State,,,,,,,,,,,,,,,,,,,,,,,,,,,,
AB_0490,LOACH K. (1970). SHADE TOLERANCE IN TREE SEEDLINGS: II. GROWTH ANALYSIS OF PLANTS RAISED UNDER ARTIFICIAL SHADE,1970,SHADE TOLERANCE IN TREE SEEDLINGS: II. GROWTH ANALYSIS OF PLANTS RAISED UNDER ARTIFICIAL SHADE,,,,,,,,,,,,,,,,,,,,,,,,,,,,
AB_0491,Azpilicueta M.M.; Gallo L.A. (2009). Shaping forces modelling genetic variation patterns in the naturally fragmented forests of a South-American Beech,2009,Shaping forces modelling genetic variation patterns in the naturally fragmented forests of a South-American Beech,,,,,,,,,,,,,,,,,,,,,,,,,,,,
AB_0492,Boisvert-Marsh L.; Périé C.; De Blois S. (2014). Shifting with climate? Evidence for recent changes in tree species distribution at high latitudes,2014,Shifting with climate? Evidence for recent changes in tree species distribution at high latitudes,,,,,,,,,,,,,,,,,,,,,,,,,,,,
AB_0493,Zhou L.; Pertea M.; Delcher A.L.; Florea L. (2009). Sim4cc: A cross-species spliced alignment program,2009,Sim4cc: A cross-species spliced alignment program,,,,,,,,,,,,,,,,,,,,,,,,,,,,
AB_0494,Nyland R.D. (2004). Simple girdle kills small American beech (Fagus grandifolia Ehrh.),2004,Simple girdle kills small American beech (Fagus grandifolia Ehrh.),,,,,,,,,,,,,,,,,,,,,,,,,,,,
AB_0495,"Gundy M.T.V.; Strager M.; Rentch J. (2012). Site characteristics of red spruce witness tree locations in the uplands of West Virginia, USA",2012,"Site characteristics of red spruce witness tree locations in the uplands of West Virginia, USA",,,,,,,,,,,,,,,,,,,,,,,,,,,,
AB_0496,Gauthier M.-M. (2025). Six Decades of Forest Inventory Data Highlight Decline of Sugar Maple (Acer saccharum) Sapling Abundance in Eastern Canada,2025,Six Decades of Forest Inventory Data Highlight Decline of Sugar Maple (Acer saccharum) Sapling Abundance in Eastern Canada,,,,,,,,,,,,,,,,,,,,,,,,,,,,
AB_0497,"Searle E.B.; Jones T.A.; Yietagesu A.A.; Mallory E.C.; Trerise B.; Bein A.S. (2024). Six year efficacy of silvicultural treatments to control American beech regeneration in stands affected by beech bark disease in Ontario, Canada",2024,"Six year efficacy of silvicultural treatments to control American beech regeneration in stands affected by beech bark disease in Ontario, Canada",,,,,,,,,,,,,,,,,,,,,,,,,,,,
AB_0498,Leak W.B.; Smith M.-L. (1996). Sixty years of management and natural disturbance in a New England forested landscape,1996,Sixty years of management and natural disturbance in a New England forested landscape,,,,,,,,,,,,,,,,,,,,,,,,,,,,
AB_0499,Tourville J.; Dovciak M. (2023). Small mammal granivory as a biotic filter for tree establishment beyond elevation range boundaries,2023,Small mammal granivory as a biotic filter for tree establishment beyond elevation range boundaries,,,,,,,,,,,,,,,,,,,,,,,,,,,,
AB_0500,Moore J.-D.; Ouimet R.; Duchesne L. (2012). Soil and sugar maple response 15years after dolomitic lime application,2012,Soil and sugar maple response 15years after dolomitic lime application,,,,,,,,,,,,,,,,,,,,,,,,,,,,
AB_0501,Lawrence G.B.; McDonnell T.C.; Sullivan T.J.; Dovciak M.; Bailey S.W.; Antidormi M.R.; Zarfos M.R. (2018). Soil Base Saturation Combines with Beech Bark Disease to Influence Composition and Structure of Sugar Maple-Beech Forests in an Acid Rain-Impacted Region,2018,Soil Base Saturation Combines with Beech Bark Disease to Influence Composition and Structure of Sugar Maple-Beech Forests in an Acid Rain-Impacted Region,,,,,,,,,,,,,,,,,,,,,,,,,,,,
AB_0502,Tourville J.C.; Zarfos M.R.; Lawrence G.B.; McDonnell T.C.; Sullivan T.J.; Dovčiak M. (2023). Soil biotic and abiotic thresholds in sugar maple and American beech seedling establishment in forests of the northeastern United States,2023,Soil biotic and abiotic thresholds in sugar maple and American beech seedling establishment in forests of the northeastern United States,,,,,,,,,,,,,,,,,,,,,,,,,,,,
AB_0503,Lawrey J.D. (1977). Soil fungal populations and soil respiration in habitats variously influenced by coal strip-mining,1977,Soil fungal populations and soil respiration in habitats variously influenced by coal strip-mining,,,,,,,,,,,,,,,,,,,,,,,,,,,,
AB_0504,Carrino-Kyker S.R.; Parker A.L.; Medeiros J.S.; Hewins C.R.; Novotny G.R.; Krebs S.L.; Burke D.J. (2024). Soil microbial communities alter resource allocation in Fagus grandifolia when challenged with a pathogen,2024,Soil microbial communities alter resource allocation in Fagus grandifolia when challenged with a pathogen,,,,,,,,,,,,,,,,,,,,,,,,,,,,
AB_0505,"Tripler C.E.; Canham C.D.; Inouye R.S.; Schnurr J.L. (2002). Soil nitrogen availability, plant luxury consumption, and herbivory by white-tailed deer",2002,"Soil nitrogen availability, plant luxury consumption, and herbivory by white-tailed deer",,,,,,,,,,,,,,,,,,,,,,,,,,,,
AB_0506,Lovett G.M.; Rueth H. (1999). Soil nitrogen transformations in beech and maple stands along a nitrogen deposition gradient,1999,Soil nitrogen transformations in beech and maple stands along a nitrogen deposition gradient,,,,,,,,,,,,,,,,,,,,,,,,,,,,
AB_0507,Moore J.-D.; Duchesne L.; Ouimet R. (2008). Soil properties and maple-beech regeneration a decade after liming in a northern hardwood stand,2008,Soil properties and maple-beech regeneration a decade after liming in a northern hardwood stand,,,,,,,,,,,,,,,,,,,,,,,,,,,,
AB_0508,"Aguilar R.; Arnold R.W. (1985). Soil-landscape relationships of a climax forest in the  Allegheny High Plateau, Pennsylvania.",1985,"Soil-landscape relationships of a climax forest in the  Allegheny High Plateau, Pennsylvania.",,,,,,,,,,,,,,,,,,,,,,,,,,,,
AB_0509,Gotwols T.A.; Blanchard R.O.; Shortle W.C. (1980). Some factors affecting canker formation in American beech inoculated with Nectria coccinea var. faginata,1980,Some factors affecting canker formation in American beech inoculated with Nectria coccinea var. faginata,,,,,,,,,,,,,,,,,,,,,,,,,,,,
AB_0510,Nelson A.S.; Wagner R.G. (2014). Spatial coexistence of American beech and sugar maple regeneration in post-harvest northern hardwood forests,2014,Spatial coexistence of American beech and sugar maple regeneration in post-harvest northern hardwood forests,,,,,,,,,,,,,,,,,,,,,,,,,,,,
AB_0511,Kasson M.T.; Livingston W.H. (2009). Spatial distribution of Neonectria species associated with beech bark disease in northern Maine,2009,Spatial distribution of Neonectria species associated with beech bark disease in northern Maine,,,,,,,,,,,,,,,,,,,,,,,,,,,,
AB_0512,Rodríguez-Ramírez E.C.; Martínez-Falcón A.P.; Luna-Vega I. (2018). Spatial patterns of Mexican beech seedlings (Fagus grandifolia subsp. mexicana (Martínez) A.E. Murray): influence of canopy openness and conspecific trees on recruitment mechanisms,2018,Spatial patterns of Mexican beech seedlings (Fagus grandifolia subsp. mexicana (Martínez) A.E. Murray): influence of canopy openness and conspecific trees on recruitment mechanisms,,,,,,,,,,,,,,,,,,,,,,,,,,,,
AB_0513,Messaoud Y.; Houle G. (2006). Spatial patterns of tree seedling establishment and their relationship to environmental variables in a cold-temperate deciduous forest of eastern North America,2006,Spatial patterns of tree seedling establishment and their relationship to environmental variables in a cold-temperate deciduous forest of eastern North America,,,,,,,,,,,,,,,,,,,,,,,,,,,,
AB_0514,"Houle G. (1994). Spatiotemporal patterns in the components of regeneration of four sympatric tree species - Acer rubrum, A.saccharum, Betula alleghaniensis and Fagus grandifolia",1994,"Spatiotemporal patterns in the components of regeneration of four sympatric tree species - Acer rubrum, A.saccharum, Betula alleghaniensis and Fagus grandifolia",,,,,,,,,,,,,,,,,,,,,,,,,,,,
AB_0515,Schooley R.L.; McLaughlin C.R.; Krohn W.B.; Matula Jr. G.J. (1999). Spatiotemporal patterns of macrohabitat use by female black bears during fall,1999,Spatiotemporal patterns of macrohabitat use by female black bears during fall,,,,,,,,,,,,,,,,,,,,,,,,,,,,
AB_0516,Hannah P.R. (1999). Species composition and dynamics in two hardwood stands in Vermont: A disturbance history,1999,Species composition and dynamics in two hardwood stands in Vermont: A disturbance history,,,,,,,,,,,,,,,,,,,,,,,,,,,,
AB_0517,Roberts M.R. (1992). Stand development and overstory-understory interactions in an aspen-northern hardwoods stand,1992,Stand development and overstory-understory interactions in an aspen-northern hardwoods stand,,,,,,,,,,,,,,,,,,,,,,,,,,,,
AB_0518,Swift D.E.; Knight W.; Béland M.; Boureima I.; Bourque C.P.A.; Meng F.-R. (2017). Stand dynamics and tree quality response to precommercial thinning in a northern hardwood forest of the Acadian forest region: 23 years of intermediate results,2017,Stand dynamics and tree quality response to precommercial thinning in a northern hardwood forest of the Acadian forest region: 23 years of intermediate results,,,,,,,,,,,,,,,,,,,,,,,,,,,,
AB_0519,Miller G.W. (1997). Stand dynamics in 60-year-old Allegheny hardwoods after thinning,1997,Stand dynamics in 60-year-old Allegheny hardwoods after thinning,,,,,,,,,,,,,,,,,,,,,,,,,,,,
AB_0520,Olano J.M.; Palmer M.W. (2003). Stand dynamics of an Appalachian old-growth forest during a severe drought episode,2003,Stand dynamics of an Appalachian old-growth forest during a severe drought episode,,,,,,,,,,,,,,,,,,,,,,,,,,,,
AB_0521,"Harcombe P.A.; Bill C.J.; Fulton M.; Glitzenstein J.S.; Marks P.L.; Elsik I.S. (2002). Stand dynamics over 18 years in a southern mixed hardwood forest, Texas, USA",2002,"Stand dynamics over 18 years in a southern mixed hardwood forest, Texas, USA",,,,,,,,,,,,,,,,,,,,,,,,,,,,
AB_0522,Nowak C.A.; deCalesta D.S. (1999). Stand structure and wildlife communities in true old-growth and managed 2nd-growth forests on the Allegheny Plateau in northwestern Pennsylvania,1999,Stand structure and wildlife communities in true old-growth and managed 2nd-growth forests on the Allegheny Plateau in northwestern Pennsylvania,,,,,,,,,,,,,,,,,,,,,,,,,,,,
AB_0523,McGee G.G. (2001). Stand-level effects on the role of decaying logs as vascular plant habitat in Adirondack northern hardwood forests,2001,Stand-level effects on the role of decaying logs as vascular plant habitat in Adirondack northern hardwood forests,,,,,,,,,,,,,,,,,,,,,,,,,,,,
AB_0524,"Mahoney M.J.; Stella J.C. (2020). Stem size selectivity is stronger than species preferences for beaver, a central place forager",2020,"Stem size selectivity is stronger than species preferences for beaver, a central place forager",,,,,,,,,,,,,,,,,,,,,,,,,,,,
AB_0525,Siegert C.M.; Levia D.F. (2011). Stomatal conductance and transpiration of co-occurring seedlings with varying shade tolerance,2011,Stomatal conductance and transpiration of co-occurring seedlings with varying shade tolerance,,,,,,,,,,,,,,,,,,,,,,,,,,,,
AB_0526,"Danielson S.C.; Mascia R.; Metzger M.; Stuble K.L.; Medeiros J.S. (2023). Stress-resistant trees are more common in urban than rural forests: A case study of Cleveland, Ohio's natural parks",2023,"Stress-resistant trees are more common in urban than rural forests: A case study of Cleveland, Ohio's natural parks",,,,,,,,,,,,,,,,,,,,,,,,,,,,
AB_0527,Morrissey R.C.; King N.T.; Seifert J.R.; Jacobs D.F. (2012). Structural and compositional dynamics of a near-natural temperate deciduous forest in the central United States,2012,Structural and compositional dynamics of a near-natural temperate deciduous forest in the central United States,,,,,,,,,,,,,,,,,,,,,,,,,,,,
AB_0528,"Palus J.D.; Goebel P.C.; Hix D.M.; Matthews S.N. (2018). Structural and compositional shifts in forests undergoing mesophication in the Wayne National Forest, southeastern Ohio",2018,"Structural and compositional shifts in forests undergoing mesophication in the Wayne National Forest, southeastern Ohio",,,,,,,,,,,,,,,,,,,,,,,,,,,,
AB_0529,Chokkalingam U.; White A. (2001). Structure and spatial patterns of trees in old-growth northern hardwood and mixed forests of northern Maine,2001,Structure and spatial patterns of trees in old-growth northern hardwood and mixed forests of northern Maine,,,,,,,,,,,,,,,,,,,,,,,,,,,,
AB_0530,"Cowell C.M.; Hayes J.J. (2007). Structure, history and dynamics of a mature oak-beech forest in western Indiana",2007,"Structure, history and dynamics of a mature oak-beech forest in western Indiana",,,,,,,,,,,,,,,,,,,,,,,,,,,,
AB_0531,Garnas J.R.; Ayres M.P.; Liebhold A.M.; Evans C. (2011). Subcontinental impacts of an invasive tree disease on forest structure and dynamics,2011,Subcontinental impacts of an invasive tree disease on forest structure and dynamics,,,,,,,,,,,,,,,,,,,,,,,,,,,,
AB_0532,"Tatina R. (2021). Succession from Pasture to Forest in a Mesic Southern Forest in Michigan, USA",2021,"Succession from Pasture to Forest in a Mesic Southern Forest in Michigan, USA",,,,,,,,,,,,,,,,,,,,,,,,,,,,
AB_0533,"Wilder C.M.; Holtzclaw Jr. F.W.; Clebsch E.E.C. (1999). Succession, sapling density and growth in canopy gaps along a topographic gradient in a second growth East Tennessee forest",1999,"Succession, sapling density and growth in canopy gaps along a topographic gradient in a second growth East Tennessee forest",,,,,,,,,,,,,,,,,,,,,,,,,,,,
AB_0534,Sakai A.K.; Roberts M.R.; Jolls C.L. (1985). Successional changes in a mature aspen forest in northern lower Michigan: 1974-1981.,1985,Successional changes in a mature aspen forest in northern lower Michigan: 1974-1981.,,,,,,,,,,,,,,,,,,,,,,,,,,,,
AB_0535,Abrams M.D.; Downs J.A. (1990). Successional replacement of old-growth white oak by mixed mesophytic hardwoods in southwestern Pennsylvania,1990,Successional replacement of old-growth white oak by mixed mesophytic hardwoods in southwestern Pennsylvania,,,,,,,,,,,,,,,,,,,,,,,,,,,,
AB_0536,Parsons W.F.J.; Ghotsa Mekontchou C.; Maheu A.; Rivest D. (2025). Sugar Maple Litter Decay Rates Are Reduced More Strongly by Drought Than by American Beech Proliferation in the Understory,2025,Sugar Maple Litter Decay Rates Are Reduced More Strongly by Drought Than by American Beech Proliferation in the Understory,,,,,,,,,,,,,,,,,,,,,,,,,,,,
AB_0537,Keena M.A. (2003). Survival and Development of Lymantria monacha (Lepidoptera: Lymantriidae) on North American and Introduced Eurasian Tree Species,2003,Survival and Development of Lymantria monacha (Lepidoptera: Lymantriidae) on North American and Introduced Eurasian Tree Species,,,,,,,,,,,,,,,,,,,,,,,,,,,,
AB_0538,Gutiérrez-Lozano M.; Sánchez-González A.; López-Mata L.; Tejero-Díez D. (2017). Taxonomic richness of lycophytes and ferns of the Mexican beech forest: Highest ever recorded among Fagus forests worldwide?,2017,Taxonomic richness of lycophytes and ferns of the Mexican beech forest: Highest ever recorded among Fagus forests worldwide?,,,,,,,,,,,,,,,,,,,,,,,,,,,,
AB_0539,Houston D.R. (1994). Temporal and spatial shift within the Nectria pathogen complex associated with beech bark disease of Fagus grandifolia,1994,Temporal and spatial shift within the Nectria pathogen complex associated with beech bark disease of Fagus grandifolia,,,,,,,,,,,,,,,,,,,,,,,,,,,,
AB_0540,"Chandy S.; Honu Y.A.K.; Gibson D.J. (2009). Temporal changes in species composition in permanent plots across the Shawnee National Forest, Illinois, USA1",2009,"Temporal changes in species composition in permanent plots across the Shawnee National Forest, Illinois, USA1",,,,,,,,,,,,,,,,,,,,,,,,,,,,
AB_0541,Martin A.R.; Caspersen J.P.; Fuller M.M.; Jones T.A.; Thomas S.C. (2014). Temporal dynamics and causes of postharvest mortality in a selection-managed tolerant hardwood forest,2014,Temporal dynamics and causes of postharvest mortality in a selection-managed tolerant hardwood forest,,,,,,,,,,,,,,,,,,,,,,,,,,,,
AB_0542,"Abrams M.D.; Copenheaver C.A. (1999). Temporal variation in species recruitment and dendroecology of an old-growth white oak forest in the Virginia Piedmont, USA",1999,"Temporal variation in species recruitment and dendroecology of an old-growth white oak forest in the Virginia Piedmont, USA",,,,,,,,,,,,,,,,,,,,,,,,,,,,
AB_0543,Foré S.A.; Vankat J.L.; Schaefer R.L. (1997). Temporal variation in the woody understory of an old-growth Fagus-Acer forest and implications for overstory recruitment,1997,Temporal variation in the woody understory of an old-growth Fagus-Acer forest and implications for overstory recruitment,,,,,,,,,,,,,,,,,,,,,,,,,,,,
AB_0544,"Forget E.; Nolet P.; Doyon F.; Delagrange S.; Jardon Y. (2007). Ten-year response of northern hardwood stands to commercial selection cutting in southern Quebec, Canada",2007,"Ten-year response of northern hardwood stands to commercial selection cutting in southern Quebec, Canada",,,,,,,,,,,,,,,,,,,,,,,,,,,,
AB_0545,Bédard S.; Majcen Z. (2001). Ten-year response of sugar maple-yellow birch-beech stands to selection cutting in québec,2001,Ten-year response of sugar maple-yellow birch-beech stands to selection cutting in québec,,,,,,,,,,,,,,,,,,,,,,,,,,,,
AB_0546,"Blakely T.J.; Jellyman P.G.; Holdaway R.J.; Young L.; Burrows B.; Duncan P.; Thirkettle D.; Simpson J.; Ewers R.M.; Didham R.K. (2008). The abundance, distribution and structural characteristics of tree-holes in Nothofagus forest, New Zealand",2008,"The abundance, distribution and structural characteristics of tree-holes in Nothofagus forest, New Zealand",,,,,,,,,,,,,,,,,,,,,,,,,,,,
AB_0547,Albert C.; Taylor A.R.; Logan T.; D’Orangeville L. (2023). The Acadian Forest of New Brunswick in the 21st century: what shifting heat and water balance imply for future stand dynamics and management,2023,The Acadian Forest of New Brunswick in the 21st century: what shifting heat and water balance imply for future stand dynamics and management,,,,,,,,,,,,,,,,,,,,,,,,,,,,
AB_0548,Royo A.A.; Kramer D.W.; Miller K.V.; Nibbelink N.P.; Stout S.L. (2016). The canary in the coal mine: Sprouts as a rapid indicator of browse impact in managed forests,2016,The canary in the coal mine: Sprouts as a rapid indicator of browse impact in managed forests,,,,,,,,,,,,,,,,,,,,,,,,,,,,
AB_0549,"McGee G.G. (2000). The contribution of beech bark disease induced mortality to coarse woody debris loads in northern hardwood stands of Adirondack Park, New York, U.S.A.",2000,"The contribution of beech bark disease induced mortality to coarse woody debris loads in northern hardwood stands of Adirondack Park, New York, U.S.A.",,,,,,,,,,,,,,,,,,,,,,,,,,,,
AB_0550,"Griffin J.M.; Lovett G.M.; Arthur M.A.; Weathers K.C. (2003). The distribution and severity of beech bark disease in the Catskill Mountains, N.Y.",2003,"The distribution and severity of beech bark disease in the Catskill Mountains, N.Y.",,,,,,,,,,,,,,,,,,,,,,,,,,,,
AB_0551,"Reed S.E.; Volk D.; Martin D.K.H.; Hausman C.E.; Macy T.; Tomon T.; Cousins S. (2022). The distribution of beech leaf disease and the causal agents of beech bark disease (Cryptoccocus fagisuga, Neonectria faginata, N. ditissima) in forests surrounding Lake Erie and future implications",2022,"The distribution of beech leaf disease and the causal agents of beech bark disease (Cryptoccocus fagisuga, Neonectria faginata, N. ditissima) in forests surrounding Lake Erie and future implications",,,,,,,,,,,,,,,,,,,,,,,,,,,,
AB_0552,"Kwit C.; Schwartz M.W.; Platt W.J.; Geaghan J.P. (1998). The distribution of tree species in steepheads of the Apalachicola River Bluffs, Florida",1998,"The distribution of tree species in steepheads of the Apalachicola River Bluffs, Florida",,,,,,,,,,,,,,,,,,,,,,,,,,,,
AB_0553,Bell G.; Lechowicz M.J. (1991). The ecology and genetics of fitness in forest plants. I. Environmental heterogeneity measured by explant trials,1991,The ecology and genetics of fitness in forest plants. I. Environmental heterogeneity measured by explant trials,,,,,,,,,,,,,,,,,,,,,,,,,,,,
AB_0554,Lechowicz M.J.; Bell G. (1991). The ecology and genetics of fitness in forest plants. II. Microspatial heterogeneity of the edaphic environment,1991,The ecology and genetics of fitness in forest plants. II. Microspatial heterogeneity of the edaphic environment,,,,,,,,,,,,,,,,,,,,,,,,,,,,
AB_0555,Bell G.; Lechowicz M.J.; Schoen D.J. (1991). The ecology and genetics of fitness in forest plants. III. Environmental variance in natural populations of Impatiens pallida,1991,The ecology and genetics of fitness in forest plants. III. Environmental variance in natural populations of Impatiens pallida,,,,,,,,,,,,,,,,,,,,,,,,,,,,
AB_0556,"Gordon A.M.; Mcbride R.A.; Fisken A.J. (1989). The effect of landfill leachate spraying on foliar nutrient concentrations and leaf transpiration in a Northern hardwood forest, Canada",1989,"The effect of landfill leachate spraying on foliar nutrient concentrations and leaf transpiration in a Northern hardwood forest, Canada",,,,,,,,,,,,,,,,,,,,,,,,,,,,
AB_0557,Mize C.W.; Lea R.V. (1979). The effect of the beech bark disease on the growth and survival of beech in northern hardwoods,1979,The effect of the beech bark disease on the growth and survival of beech in northern hardwoods,,,,,,,,,,,,,,,,,,,,,,,,,,,,
AB_0558,Latty E.F.; Canham C.D.; Marks P.L. (2004). The effects of land-use history on soil properties and nutrient dynamics in northern hardwood forests of the Adirondack Mountains,2004,The effects of land-use history on soil properties and nutrient dynamics in northern hardwood forests of the Adirondack Mountains,,,,,,,,,,,,,,,,,,,,,,,,,,,,
AB_0559,Burke D.J.; Hoke A.J.; Koch J. (2020). The emergence of beech leaf disease in Ohio: Probing the plant microbiome in search of the cause,2020,The emergence of beech leaf disease in Ohio: Probing the plant microbiome in search of the cause,,,,,,,,,,,,,,,,,,,,,,,,,,,,
AB_0560,Nathoo R.; Garant D.; Réale D.; Bergeron P. (2022). The Feast and the Famine: Spring Body Mass Variations and Life History Traits in a Pulse Resource Ecosystem,2022,The Feast and the Famine: Spring Body Mass Variations and Life History Traits in a Pulse Resource Ecosystem,,,,,,,,,,,,,,,,,,,,,,,,,,,,
AB_0561,Whitney G.G. (1990). The history and status of the hemlock-hardwood forests of the Allegheny Plateau,1990,The history and status of the hemlock-hardwood forests of the Allegheny Plateau,,,,,,,,,,,,,,,,,,,,,,,,,,,,
AB_0562,Long Z.T.; Pendergast IV T.H.; Carson W.P. (2007). The impact of deer on relationships between tree growth and mortality in an old-growth beech-maple forest,2007,The impact of deer on relationships between tree growth and mortality in an old-growth beech-maple forest,,,,,,,,,,,,,,,,,,,,,,,,,,,,
AB_0563,Breen D.B. (2015). The Influence of Agricultural Abandonment and the Abiotic Environment on the Vegetation Communities of a Suburban Deciduous Forest,2015,The Influence of Agricultural Abandonment and the Abiotic Environment on the Vegetation Communities of a Suburban Deciduous Forest,,,,,,,,,,,,,,,,,,,,,,,,,,,,
AB_0564,Nation T.H. (2007). The influence of flowering dogwood (Cornus florida) on land snail diversity in a southern mixed hardwood forest,2007,The influence of flowering dogwood (Cornus florida) on land snail diversity in a southern mixed hardwood forest,,,,,,,,,,,,,,,,,,,,,,,,,,,,
AB_0565,Arii K.; Lechowicz M.J. (2002). The influence of overstory trees and abiotic factors on the sapling community in an old-growth Fagus-Acer forest,2002,The influence of overstory trees and abiotic factors on the sapling community in an old-growth Fagus-Acer forest,,,,,,,,,,,,,,,,,,,,,,,,,,,,
AB_0566,Frappier-Lecomte J.; Bergeron P.; Réale D.; Houle C.; Garant D. (2025). The influence of relatedness on parental reproductive success and offspring fitness in Eastern chipmunks breeding in fluctuating environments,2025,The influence of relatedness on parental reproductive success and offspring fitness in Eastern chipmunks breeding in fluctuating environments,,,,,,,,,,,,,,,,,,,,,,,,,,,,
AB_0567,"Christenson L.M.; Lovett G.M.; Weathers K.C.; Arthur M.A. (2009). The influence of tree species, nitrogen fertilization, and soil C to N ratio on gross soil nitrogen transformations",2009,"The influence of tree species, nitrogen fertilization, and soil C to N ratio on gross soil nitrogen transformations",,,,,,,,,,,,,,,,,,,,,,,,,,,,
AB_0568,Hossain S.M.; Olson M.G. (2023). The Lateral Growth of Branches into Small Canopy Gaps: Implications for Competition between Canopy Trees,2023,The Lateral Growth of Branches into Small Canopy Gaps: Implications for Competition between Canopy Trees,,,,,,,,,,,,,,,,,,,,,,,,,,,,
AB_0569,Klemawesch S.J.; Buckley III C.E. (1984). The lectin reactivity and lectin-like activity of allergenic pollen extracts,1984,The lectin reactivity and lectin-like activity of allergenic pollen extracts,,,,,,,,,,,,,,,,,,,,,,,,,,,,
AB_0570,Cowell C.M.; Hoalst-Pullen N.; Jackson M.T. (2010). The limited role of canopy gaps in the successional dynamics of a mature mixed Quercus forest remnant,2010,The limited role of canopy gaps in the successional dynamics of a mature mixed Quercus forest remnant,,,,,,,,,,,,,,,,,,,,,,,,,,,,
AB_0571,Simard H.; Bouchard A. (1996). The precolonial 19th century forest of the Upper St. Lawrence Region of Quebec: A record of its exploitation and transformation through notary deeds of wood sales,1996,The precolonial 19th century forest of the Upper St. Lawrence Region of Quebec: A record of its exploitation and transformation through notary deeds of wood sales,,,,,,,,,,,,,,,,,,,,,,,,,,,,
AB_0572,Collin A.; Ghotsa Mekontchou C.; Maheu A.; Nolet P.; Sotelo F.; Rivest D. (2025). The presence of American beech litter can alter the growth response of sugar maple seedlings to drought,2025,The presence of American beech litter can alter the growth response of sugar maple seedlings to drought,,,,,,,,,,,,,,,,,,,,,,,,,,,,
AB_0573,Morris W.F.; Wood D.M. (1989). The role of lupine in succession on Mount St. Helens: facilitation or inhibition,1989,The role of lupine in succession on Mount St. Helens: facilitation or inhibition,,,,,,,,,,,,,,,,,,,,,,,,,,,,
AB_0574,Gauthier S.; Gagnon D. (1990). The vegetation of the Laurentian foothills: an analysis of the community ecological gradients and successsional stage; [La vegetation des contreforts des Laurentides: une analyse des gradients ecologiques et du niveau successionnel des communautes],1990,The vegetation of the Laurentian foothills: an analysis of the community ecological gradients and successsional stage; [La vegetation des contreforts des Laurentides: une analyse des gradients ecologiques et du niveau successionnel des communautes],,,,,,,,,,,,,,,,,,,,,,,,,,,,
AB_0575,Runkle J.R. (2013). Thirty-two years of change in an old-growth Ohio beech-maple forest,2013,Thirty-two years of change in an old-growth Ohio beech-maple forest,,,,,,,,,,,,,,,,,,,,,,,,,,,,
AB_0576,Galbraith S.L.; Martin W.H. (2005). Three decades of overstory and species change in a mixed mesophytic forest in eastern Kentucky,2005,Three decades of overstory and species change in a mixed mesophytic forest in eastern Kentucky,,,,,,,,,,,,,,,,,,,,,,,,,,,,
AB_0577,Thornton F.C.; Schaedle M.; Raynal D.J. (1989). Tolerance of red oak and American and European beech seedlings to aluminum,1989,Tolerance of red oak and American and European beech seedlings to aluminum,,,,,,,,,,,,,,,,,,,,,,,,,,,,
AB_0578,Béland M.; Chicoine B. (2013). Tolerant hardwood natural regeneration 15 years after various silvicultural treatments on an industrial freehold of northwestern New Brunswick,2013,Tolerant hardwood natural regeneration 15 years after various silvicultural treatments on an industrial freehold of northwestern New Brunswick,,,,,,,,,,,,,,,,,,,,,,,,,,,,
AB_0579,Wheeler K.I.; Levia D.F.; Hudson J.E. (2017). Tracking senescence-induced patterns in leaf litter leachate using parallel factor analysis (PARAFAC) modeling and self-organizing maps,2017,Tracking senescence-induced patterns in leaf litter leachate using parallel factor analysis (PARAFAC) modeling and self-organizing maps,,,,,,,,,,,,,,,,,,,,,,,,,,,,
AB_0580,"Hanberry B.B. (2019). Trajectory from beech and oak forests to eastern broadleaf forests in Indiana, USA",2019,"Trajectory from beech and oak forests to eastern broadleaf forests in Indiana, USA",,,,,,,,,,,,,,,,,,,,,,,,,,,,
AB_0581,Kahler H.A.; Anderson J.T. (2006). Tree cavity resources for dependent cavity-using wildlife in West Virginia Forests,2006,Tree cavity resources for dependent cavity-using wildlife in West Virginia Forests,,,,,,,,,,,,,,,,,,,,,,,,,,,,
AB_0582,Turner G.D.; Ryan K.; Ricci W.; Mcmillin K.; Hertel G.D. (2020). Tree Composition and Size Structure Based on Nativity and Deer Resistance at an Urban Forest in Southeast Pennsylvania,2020,Tree Composition and Size Structure Based on Nativity and Deer Resistance at an Urban Forest in Southeast Pennsylvania,,,,,,,,,,,,,,,,,,,,,,,,,,,,
AB_0583,Wason J.W.; Dovciak M. (2017). Tree demography suggests multiple directions and drivers for species range shifts in mountains of Northeastern United States,2017,Tree demography suggests multiple directions and drivers for species range shifts in mountains of Northeastern United States,,,,,,,,,,,,,,,,,,,,,,,,,,,,
AB_0584,Batista W.B.; Platt W.J. (2003). Tree population responses to hurricane disturbance: Syndromes in a south-eastern USA old-growth forest,2003,Tree population responses to hurricane disturbance: Syndromes in a south-eastern USA old-growth forest,,,,,,,,,,,,,,,,,,,,,,,,,,,,
AB_0585,Elenitsky L.M.; Walters M.B.; Farinosi E.J. (2020). Tree regeneration structure following beech bark disease-motivated harvests: Factors associated with patterns and management implications,2020,Tree regeneration structure following beech bark disease-motivated harvests: Factors associated with patterns and management implications,,,,,,,,,,,,,,,,,,,,,,,,,,,,
AB_0586,Kobe R.K.; Likens G.E.; Eagar C. (2002). Tree seedling growth and mortality responses to manipulations of calcium and aluminum in a northern hardwood forest,2002,Tree seedling growth and mortality responses to manipulations of calcium and aluminum in a northern hardwood forest,,,,,,,,,,,,,,,,,,,,,,,,,,,,
AB_0587,"Loo J.A.; Beardmore T.L.; Simpson J.D.; McPhee D.A. (2007). Tree species of concern in New Brunswick, Canada. I. Current status and threats",2007,"Tree species of concern in New Brunswick, Canada. I. Current status and threats",,,,,,,,,,,,,,,,,,,,,,,,,,,,
AB_0588,"Loo J.A.; Beardmore T.L.; Simpson J.D.; McPhee D.A. (2007). Tree species of concern in New Brunswick, Canada. II. Guidelines for conservation of genetic resources",2007,"Tree species of concern in New Brunswick, Canada. II. Guidelines for conservation of genetic resources",,,,,,,,,,,,,,,,,,,,,,,,,,,,
AB_0589,Henry C.R.; Walters M.B. (2023). Tree species size class patterns portend compositional shifts and low resilience in managed northern hardwood forests,2023,Tree species size class patterns portend compositional shifts and low resilience in managed northern hardwood forests,,,,,,,,,,,,,,,,,,,,,,,,,,,,
AB_0590,Rice A.M.; Garrison-Johnston M.T.; Libenson A.J.; Yanai R.D. (2022). Tree variability limits the detection of nutrient treatment effects on sap flux density in a northern hardwood forest,2022,Tree variability limits the detection of nutrient treatment effects on sap flux density in a northern hardwood forest,,,,,,,,,,,,,,,,,,,,,,,,,,,,
AB_0591,Runkle J.R.; Yetter T.C. (1987). Treefalls revisited: gap dynamics in the southern Appalachians.,1987,Treefalls revisited: gap dynamics in the southern Appalachians.,,,,,,,,,,,,,,,,,,,,,,,,,,,,
AB_0592,Black R.A.; Mack R.N. (1976). Tsuga canadensis in Ohio: Synecological and phytogeographical relationships,1976,Tsuga canadensis in Ohio: Synecological and phytogeographical relationships,,,,,,,,,,,,,,,,,,,,,,,,,,,,
AB_0593,Runkle J.R. (2005). Twenty-four years of change in an old Tsuga canadensis woods affected by beech bark disease,2005,Twenty-four years of change in an old Tsuga canadensis woods affected by beech bark disease,,,,,,,,,,,,,,,,,,,,,,,,,,,,
AB_0594,"Lowney C.A.; Graham B.D.; Spetich M.A.; Shifley S.R.; Saunders M.R.; Jenkins M.A. (2016). Two decades of compositional and structural change in deciduous old-growth forests of Indiana, USA",2016,"Two decades of compositional and structural change in deciduous old-growth forests of Indiana, USA",,,,,,,,,,,,,,,,,,,,,,,,,,,,
AB_0595,Montoya L.; Haug I.; Bandala V. (2010). Two Lactarius species associated with a relict Fagus grandifolia var. Mexicana population in a Mexican montane cloud forest,2010,Two Lactarius species associated with a relict Fagus grandifolia var. Mexicana population in a Mexican montane cloud forest,,,,,,,,,,,,,,,,,,,,,,,,,,,,
AB_0596,Bandala V.M.; Montoya L.; Ramos A. (2016). Two new Lactarius species from a subtropical cloud forest in eastern Mexico,2016,Two new Lactarius species from a subtropical cloud forest in eastern Mexico,,,,,,,,,,,,,,,,,,,,,,,,,,,,
AB_0597,Beaudet M.; Messier C.; Leduc A. (2004). Understorey light profiles in temperate deciduous forests: Recovery process following selection cutting,2004,Understorey light profiles in temperate deciduous forests: Recovery process following selection cutting,,,,,,,,,,,,,,,,,,,,,,,,,,,,
AB_0598,Wyckoff P.H.; Webb S.L. (1996). Understory influence of the invasive Norway maple (Acer platanoides),1996,Understory influence of the invasive Norway maple (Acer platanoides),,,,,,,,,,,,,,,,,,,,,,,,,,,,
AB_0599,Wyckoff P.H.; Webb S.L. (1996). Understory influence of the invasive Norway maple (Acer platanoides),1996,Understory influence of the invasive Norway maple (Acer platanoides),,,,,,,,,,,,,,,,,,,,,,,,,,,,
AB_0600,McGee G.G.; Leopold D.J.; Nyland R.D. (1995). Understory response to springtime prescribed fire in two New York transition oak forests,1995,Understory response to springtime prescribed fire in two New York transition oak forests,,,,,,,,,,,,,,,,,,,,,,,,,,,,
AB_0601,"Paffetti D.; Vettori C.; Caramelli D.; Vernesi C.; Lari M.; Paganelli A.; Paule L.; Giannini R. (2007). Unexpected presence of Fagus orientalis complex in Italy as inferred from 45,000-year-old DNA pollen samples from Venice lagoon",2007,"Unexpected presence of Fagus orientalis complex in Italy as inferred from 45,000-year-old DNA pollen samples from Venice lagoon",,,,,,,,,,,,,,,,,,,,,,,,,,,,
AB_0602,Vickery Z.A.; Castro H.F.; Dearth S.P.; Tague E.D.; Classen A.T.; Moore J.A.; Strickland M.S.; Campagna S.R. (2025). Untargeted Metabolomics Reveals Distinct Soil Metabolic Profiles Across Land Management Practices,2025,Untargeted Metabolomics Reveals Distinct Soil Metabolic Profiles Across Land Management Practices,,,,,,,,,,,,,,,,,,,,,,,,,,,,
AB_0603,Kantor C.; Demirel M.C.; Kantor M. (2025). Unveiling the threat of beech leaf disease: lessons from North America,2025,Unveiling the threat of beech leaf disease: lessons from North America,,,,,,,,,,,,,,,,,,,,,,,,,,,,
AB_0604,Koch J.L.; Carey D.W.; Mason M.E. (2010). Use of microsatellite markers in an American beech (Fagus grandifolia) population and paternity testing,2010,Use of microsatellite markers in an American beech (Fagus grandifolia) population and paternity testing,,,,,,,,,,,,,,,,,,,,,,,,,,,,
AB_0605,Zimmerman C.L.; Runkle J.R. (2010). Using ecological land units for conservation planning in a southwestern ohio watershed,2010,Using ecological land units for conservation planning in a southwestern ohio watershed,,,,,,,,,,,,,,,,,,,,,,,,,,,,
AB_0606,Vadeboncoeur M.A.; Hamburg S.P.; Yanai R.D. (2007). Validation and refinement of allometric equations for roots of northern hardwoods,2007,Validation and refinement of allometric equations for roots of northern hardwoods,,,,,,,,,,,,,,,,,,,,,,,,,,,,
AB_0607,Briau F.; Garant D.; Réale D.; Tissier M.L.; Bergeron P. (2025). Variable Breeding Strategies in a Fluctuating Environment: A Feeding Experiment in Eastern Chipmunks,2025,Variable Breeding Strategies in a Fluctuating Environment: A Feeding Experiment in Eastern Chipmunks,,,,,,,,,,,,,,,,,,,,,,,,,,,,
AB_0608,Beaudet M.; Messier C. (2002). Variation in canopy openness and light transmission following selection cutting in northern hardwood stands: An assessment based on hemispherical photographs,2002,Variation in canopy openness and light transmission following selection cutting in northern hardwood stands: An assessment based on hemispherical photographs,,,,,,,,,,,,,,,,,,,,,,,,,,,,
AB_0609,Morris A.B.; Small R.L.; Cruzan M.B. (2004). Variation in frequency of clonal reproduction among populations of Fagus grandifolia Ehrh. in response to disturbance,2004,Variation in frequency of clonal reproduction among populations of Fagus grandifolia Ehrh. in response to disturbance,,,,,,,,,,,,,,,,,,,,,,,,,,,,
AB_0610,Twery M.J.; Patterson III W.A. (1984). Variations in beech bark disease and its effects on species composition and structure of northern hardwood stands in central New England.,1984,Variations in beech bark disease and its effects on species composition and structure of northern hardwood stands in central New England.,,,,,,,,,,,,,,,,,,,,,,,,,,,,
AB_0611,"Orwig D.A.; Cogbill C.V.; Foster D.R.; O'Keefe J.F. (2001). Variations in old-growth structure and definitions: Forest dynamics on Wachusett Mountain, Massachusetts",2001,"Variations in old-growth structure and definitions: Forest dynamics on Wachusett Mountain, Massachusetts",,,,,,,,,,,,,,,,,,,,,,,,,,,,
AB_0612,Yorks T.E.; Leopold D.J.; Raynal D.J. (2000). Vascular plant propagule banks of six eastern hemlock stands in the Catskill Mountains of New York,2000,Vascular plant propagule banks of six eastern hemlock stands in the Catskill Mountains of New York,,,,,,,,,,,,,,,,,,,,,,,,,,,,
AB_0613,Roberts M.R.; Christensen N.L. (1988). Vegetation variation among mesic successional forest stands in northern lower Michigan,1988,Vegetation variation among mesic successional forest stands in northern lower Michigan,,,,,,,,,,,,,,,,,,,,,,,,,,,,
AB_0614,Gibson D.J. (1992). Vegetation-environment relationships in a southern mixed hardwood forest,1992,Vegetation-environment relationships in a southern mixed hardwood forest,,,,,,,,,,,,,,,,,,,,,,,,,,,,
AB_0615,Ramirez M.; Krasowski M.J.; Loo J.A. (2007). Vegetative propagation of American beech resistant to beech bark disease,2007,Vegetative propagation of American beech resistant to beech bark disease,,,,,,,,,,,,,,,,,,,,,,,,,,,,
AB_0616,Noe G.B.; Bourg N.A.; Krauss K.W.; Duberstein J.A.; Hupp C.R. (2021). Watershed and estuarine controls both influence plant community and tree growth changes in tidal freshwater forested wetlands along two u.S. mid-atlantic rivers,2021,Watershed and estuarine controls both influence plant community and tree growth changes in tidal freshwater forested wetlands along two u.S. mid-atlantic rivers,,,,,,,,,,,,,,,,,,,,,,,,,,,,
AB_0617,Case B.S.; Buckley H.L.; Barker-Plotkin A.A.; Orwig D.A.; Ellison A.M. (2017). When a foundation crumbles: Forecasting forest dynamics following the decline of the foundation species Tsuga canadensis,2017,When a foundation crumbles: Forecasting forest dynamics following the decline of the foundation species Tsuga canadensis,,,,,,,,,,,,,,,,,,,,,,,,,,,,
AB_0618,Horsley S.B.; Stout S.L.; DeCalesta D.S. (2003). White-tailed deer impact on the vegetation dynamics of a northern hardwood forest,2003,White-tailed deer impact on the vegetation dynamics of a northern hardwood forest,,,,,,,,,,,,,,,,,,,,,,,,,,,,
AB_0619,Williams C.E. (2007). Why are there so few insect predators of nuts of American beech (Fagus grandifolia)?,2007,Why are there so few insect predators of nuts of American beech (Fagus grandifolia)?,,,,,,,,,,,,,,,,,,,,,,,,,,,,
AB_0620,Sage Jr. R.W.; Porter W.F.; Underwood H.B. (2003). Windows of opportunity: White-tailed deer and the dynamics of northern hardwood forests of the northeastern US,2003,Windows of opportunity: White-tailed deer and the dynamics of northern hardwood forests of the northeastern US,,,,,,,,,,,,,,,,,,,,,,,,,,,,
AB_0621,Morrison J.A.; Roche B.; Veatch-Blohm M. (2022). Woody plant secondary chemicals increase in response to abundant deer and arrival of invasive plants in suburban forests,2022,Woody plant secondary chemicals increase in response to abundant deer and arrival of invasive plants in suburban forests,,,,,,,,,,,,,,,,,,,,,,,,,,,,
